sample_id,fold
1,0
2,0
9,0
13,0
14,0
17,0
19,0
28,0
30,0
32,0
33,0
38,0
39,0
40,0
42,0
44,0
45,0
61,0
62,0
63,0
65,0
67,0
69,0
78,0
83,0
89,0
91,0
105,0
110,0
114,0
118,0
121,0
122,0
123,0
126,0
131,0
132,0
135,0
136,0
139,0
141,0
150,0
174,0
175,0
185,0
207,0
223,0
224,0
230,0
251,0
257,0
261,0
265,0
268,0
274,0
279,0
281,0
286,0
287,0
288,0
290,0
298,0
301,0
305,0
315,0
324,0
326,0
328,0
335,0
337,0
340,0
343,0
345,0
350,0
353,0
354,0
355,0
367,0
375,0
382,0
390,0
391,0
393,0
405,0
407,0
408,0
409,0
421,0
429,0
442,0
449,0
450,0
454,0
458,0
462,0
465,0
466,0
476,0
481,0
489,0
495,0
501,0
514,0
515,0
516,0
528,0
531,0
537,0
538,0
540,0
545,0
558,0
569,0
573,0
574,0
576,0
580,0
583,0
587,0
594,0
597,0
598,0
601,0
603,0
604,0
607,0
614,0
617,0
625,0
631,0
633,0
634,0
643,0
647,0
659,0
662,0
667,0
668,0
669,0
672,0
674,0
675,0
677,0
678,0
685,0
691,0
692,0
699,0
705,0
708,0
709,0
711,0
716,0
717,0
720,0
736,0
748,0
751,0
754,0
757,0
768,0
771,0
776,0
778,0
780,0
792,0
793,0
818,0
826,0
837,0
843,0
853,0
858,0
861,0
864,0
865,0
868,0
871,0
872,0
873,0
878,0
882,0
891,0
892,0
894,0
895,0
899,0
900,0
901,0
912,0
931,0
940,0
949,0
952,0
953,0
955,0
956,0
959,0
961,0
972,0
976,0
987,0
993,0
996,0
998,0
999,0
1011,0
1015,0
1021,0
1024,0
1026,0
1034,0
1040,0
1041,0
1044,0
1051,0
1052,0
1058,0
1059,0
1070,0
1071,0
1073,0
1084,0
1085,0
1092,0
1093,0
1102,0
1104,0
1115,0
1123,0
1139,0
1151,0
1156,0
1160,0
1181,0
1190,0
1193,0
1194,0
1195,0
1196,0
1197,0
1205,0
1220,0
1222,0
1223,0
1231,0
1236,0
1237,0
1238,0
1241,0
1242,0
1243,0
1251,0
1252,0
1259,0
1261,0
1266,0
1270,0
1274,0
1279,0
1281,0
1285,0
1286,0
1290,0
1303,0
1307,0
1309,0
1320,0
1321,0
1326,0
1330,0
1331,0
1332,0
1342,0
1344,0
1361,0
1372,0
1378,0
1381,0
1383,0
1384,0
1387,0
1389,0
1390,0
1394,0
1399,0
1406,0
1408,0
1414,0
1421,0
1422,0
1426,0
1434,0
1435,0
1440,0
1442,0
1443,0
1445,0
1449,0
1459,0
1470,0
1472,0
1481,0
1499,0
1503,0
1504,0
1506,0
1511,0
1516,0
1518,0
1519,0
1527,0
1530,0
1531,0
1540,0
1543,0
1555,0
1566,0
1580,0
1585,0
1586,0
1589,0
1594,0
1595,0
1600,0
1606,0
1608,0
1609,0
1618,0
1621,0
1622,0
1626,0
1635,0
1636,0
1637,0
1638,0
1639,0
1640,0
1643,0
1648,0
1653,0
1658,0
1670,0
1677,0
1678,0
1681,0
1685,0
1690,0
1699,0
1705,0
1707,0
1714,0
1715,0
1716,0
1726,0
1736,0
1739,0
1741,0
1755,0
1758,0
1762,0
1764,0
1768,0
1770,0
1771,0
1772,0
1774,0
1776,0
1777,0
1781,0
1782,0
1785,0
1789,0
1790,0
1803,0
1805,0
1808,0
1819,0
1826,0
1829,0
1835,0
1838,0
1846,0
1850,0
1853,0
1855,0
1856,0
1862,0
1863,0
1864,0
1869,0
1873,0
1881,0
1896,0
1903,0
1904,0
1907,0
1914,0
1915,0
1919,0
1920,0
1925,0
1928,0
1938,0
1946,0
1952,0
1956,0
1971,0
1972,0
1978,0
1992,0
2001,0
2007,0
2008,0
2014,0
2015,0
2019,0
2028,0
2032,0
2033,0
2037,0
2038,0
2041,0
2057,0
2066,0
2071,0
2078,0
2080,0
2082,0
2085,0
2087,0
2099,0
2106,0
2111,0
2114,0
2125,0
2127,0
2132,0
2134,0
2137,0
2142,0
2144,0
2146,0
2153,0
2154,0
2155,0
2159,0
2163,0
2165,0
2169,0
2174,0
2180,0
2186,0
2189,0
2201,0
2207,0
2209,0
2218,0
2225,0
2229,0
2232,0
2239,0
2241,0
2243,0
2250,0
2260,0
2264,0
2265,0
2268,0
2272,0
2280,0
2286,0
2295,0
2296,0
2301,0
2302,0
2311,0
2313,0
2329,0
2350,0
2351,0
2359,0
2361,0
2375,0
2390,0
2395,0
2396,0
2399,0
2410,0
2419,0
2420,0
2425,0
2427,0
2428,0
2431,0
2439,0
2448,0
2460,0
2472,0
2478,0
4,1
12,1
16,1
21,1
22,1
24,1
46,1
60,1
75,1
79,1
80,1
87,1
90,1
93,1
103,1
111,1
116,1
124,1
127,1
147,1
148,1
159,1
160,1
163,1
176,1
177,1
178,1
180,1
182,1
183,1
184,1
188,1
189,1
190,1
191,1
202,1
205,1
209,1
216,1
217,1
222,1
225,1
227,1
231,1
234,1
241,1
247,1
248,1
256,1
264,1
266,1
269,1
277,1
278,1
285,1
294,1
295,1
300,1
307,1
308,1
310,1
325,1
330,1
333,1
339,1
344,1
349,1
357,1
365,1
369,1
370,1
373,1
376,1
383,1
388,1
395,1
410,1
412,1
413,1
419,1
424,1
431,1
432,1
435,1
436,1
441,1
451,1
455,1
456,1
463,1
480,1
482,1
483,1
484,1
485,1
487,1
496,1
504,1
506,1
510,1
517,1
524,1
529,1
546,1
553,1
566,1
572,1
575,1
581,1
582,1
599,1
602,1
609,1
612,1
615,1
616,1
635,1
638,1
640,1
642,1
644,1
645,1
648,1
651,1
655,1
656,1
660,1
666,1
670,1
679,1
682,1
684,1
686,1
689,1
693,1
697,1
704,1
706,1
712,1
714,1
715,1
718,1
733,1
737,1
739,1
741,1
742,1
749,1
756,1
761,1
762,1
763,1
764,1
772,1
775,1
779,1
786,1
791,1
796,1
799,1
802,1
805,1
817,1
820,1
821,1
822,1
836,1
840,1
844,1
846,1
848,1
860,1
869,1
881,1
886,1
889,1
908,1
909,1
913,1
916,1
918,1
927,1
929,1
934,1
944,1
946,1
951,1
962,1
964,1
965,1
970,1
971,1
995,1
1000,1
1002,1
1008,1
1027,1
1032,1
1050,1
1055,1
1056,1
1060,1
1064,1
1067,1
1074,1
1076,1
1080,1
1081,1
1083,1
1088,1
1096,1
1097,1
1099,1
1108,1
1120,1
1121,1
1127,1
1130,1
1136,1
1150,1
1158,1
1171,1
1174,1
1177,1
1178,1
1179,1
1180,1
1182,1
1183,1
1186,1
1204,1
1206,1
1214,1
1218,1
1224,1
1229,1
1234,1
1235,1
1240,1
1247,1
1248,1
1249,1
1250,1
1255,1
1262,1
1267,1
1268,1
1273,1
1278,1
1284,1
1294,1
1295,1
1300,1
1308,1
1313,1
1323,1
1324,1
1327,1
1328,1
1334,1
1336,1
1338,1
1339,1
1343,1
1347,1
1348,1
1351,1
1356,1
1368,1
1375,1
1391,1
1392,1
1393,1
1409,1
1415,1
1416,1
1417,1
1424,1
1425,1
1430,1
1431,1
1438,1
1448,1
1456,1
1460,1
1464,1
1466,1
1471,1
1479,1
1480,1
1486,1
1488,1
1494,1
1495,1
1497,1
1508,1
1521,1
1525,1
1533,1
1535,1
1546,1
1561,1
1563,1
1564,1
1568,1
1569,1
1572,1
1577,1
1578,1
1583,1
1591,1
1598,1
1603,1
1607,1
1612,1
1614,1
1615,1
1629,1
1632,1
1641,1
1655,1
1663,1
1665,1
1666,1
1671,1
1672,1
1673,1
1682,1
1683,1
1688,1
1713,1
1722,1
1724,1
1727,1
1730,1
1732,1
1738,1
1740,1
1743,1
1746,1
1749,1
1751,1
1761,1
1765,1
1766,1
1767,1
1773,1
1778,1
1779,1
1783,1
1794,1
1800,1
1811,1
1813,1
1815,1
1820,1
1822,1
1825,1
1837,1
1843,1
1845,1
1851,1
1858,1
1865,1
1870,1
1874,1
1879,1
1883,1
1897,1
1898,1
1900,1
1909,1
1912,1
1918,1
1926,1
1931,1
1932,1
1936,1
1949,1
1951,1
1955,1
1958,1
1960,1
1961,1
1962,1
1965,1
1970,1
1976,1
1982,1
1988,1
1989,1
1994,1
1995,1
1997,1
2005,1
2012,1
2013,1
2017,1
2020,1
2023,1
2040,1
2048,1
2060,1
2064,1
2065,1
2072,1
2083,1
2089,1
2090,1
2101,1
2108,1
2109,1
2117,1
2123,1
2133,1
2136,1
2138,1
2139,1
2143,1
2148,1
2162,1
2185,1
2194,1
2204,1
2212,1
2215,1
2226,1
2227,1
2228,1
2231,1
2233,1
2236,1
2245,1
2249,1
2251,1
2253,1
2256,1
2257,1
2262,1
2270,1
2274,1
2283,1
2284,1
2285,1
2287,1
2294,1
2300,1
2305,1
2307,1
2316,1
2319,1
2328,1
2333,1
2335,1
2337,1
2342,1
2343,1
2344,1
2346,1
2352,1
2353,1
2358,1
2360,1
2364,1
2366,1
2370,1
2371,1
2376,1
2378,1
2379,1
2380,1
2383,1
2389,1
2401,1
2404,1
2405,1
2409,1
2411,1
2412,1
2421,1
2424,1
2430,1
2435,1
2436,1
2437,1
2438,1
2442,1
2446,1
2447,1
2449,1
2451,1
2453,1
2463,1
2469,1
2473,1
2474,1
2476,1
2482,1
2483,1
2485,1
0,2
3,2
6,2
7,2
8,2
11,2
41,2
50,2
54,2
64,2
71,2
76,2
85,2
88,2
92,2
94,2
95,2
97,2
104,2
107,2
108,2
109,2
113,2
117,2
125,2
128,2
130,2
133,2
140,2
142,2
143,2
144,2
146,2
151,2
155,2
157,2
161,2
164,2
165,2
167,2
179,2
181,2
186,2
192,2
193,2
200,2
201,2
210,2
211,2
212,2
215,2
233,2
240,2
243,2
245,2
246,2
267,2
272,2
273,2
280,2
297,2
311,2
316,2
319,2
322,2
327,2
329,2
331,2
348,2
352,2
358,2
360,2
366,2
368,2
371,2
378,2
385,2
387,2
397,2
401,2
402,2
403,2
406,2
417,2
430,2
434,2
438,2
439,2
440,2
443,2
453,2
461,2
464,2
471,2
473,2
477,2
479,2
490,2
491,2
499,2
500,2
502,2
505,2
518,2
535,2
536,2
539,2
541,2
542,2
544,2
548,2
551,2
552,2
559,2
560,2
561,2
562,2
568,2
571,2
578,2
579,2
584,2
586,2
591,2
592,2
595,2
596,2
606,2
610,2
618,2
621,2
626,2
629,2
630,2
636,2
639,2
646,2
654,2
676,2
683,2
688,2
695,2
698,2
707,2
710,2
723,2
724,2
725,2
728,2
729,2
731,2
738,2
740,2
743,2
750,2
766,2
767,2
781,2
782,2
787,2
801,2
809,2
810,2
816,2
819,2
825,2
829,2
831,2
834,2
835,2
841,2
847,2
849,2
856,2
859,2
862,2
863,2
870,2
880,2
883,2
885,2
897,2
902,2
904,2
907,2
911,2
917,2
920,2
922,2
925,2
932,2
935,2
936,2
937,2
938,2
941,2
943,2
945,2
948,2
957,2
958,2
960,2
966,2
969,2
973,2
988,2
991,2
992,2
994,2
997,2
1001,2
1004,2
1010,2
1013,2
1023,2
1033,2
1036,2
1037,2
1039,2
1046,2
1049,2
1053,2
1054,2
1062,2
1063,2
1068,2
1082,2
1086,2
1090,2
1094,2
1105,2
1107,2
1111,2
1114,2
1122,2
1124,2
1125,2
1133,2
1135,2
1138,2
1148,2
1154,2
1161,2
1162,2
1166,2
1167,2
1168,2
1172,2
1176,2
1184,2
1185,2
1191,2
1198,2
1199,2
1200,2
1207,2
1212,2
1219,2
1226,2
1232,2
1244,2
1245,2
1253,2
1256,2
1257,2
1264,2
1265,2
1269,2
1276,2
1282,2
1289,2
1293,2
1298,2
1310,2
1312,2
1314,2
1317,2
1319,2
1335,2
1341,2
1357,2
1358,2
1359,2
1366,2
1367,2
1373,2
1385,2
1386,2
1410,2
1413,2
1420,2
1423,2
1428,2
1455,2
1458,2
1463,2
1473,2
1474,2
1477,2
1478,2
1485,2
1493,2
1496,2
1500,2
1509,2
1512,2
1513,2
1514,2
1515,2
1523,2
1524,2
1526,2
1532,2
1549,2
1550,2
1553,2
1556,2
1559,2
1562,2
1567,2
1573,2
1574,2
1584,2
1587,2
1592,2
1599,2
1602,2
1610,2
1617,2
1625,2
1633,2
1642,2
1650,2
1656,2
1657,2
1661,2
1662,2
1669,2
1680,2
1686,2
1691,2
1710,2
1711,2
1725,2
1734,2
1742,2
1747,2
1750,2
1753,2
1756,2
1760,2
1763,2
1780,2
1787,2
1791,2
1792,2
1793,2
1795,2
1801,2
1804,2
1807,2
1816,2
1817,2
1821,2
1827,2
1831,2
1847,2
1854,2
1859,2
1860,2
1861,2
1875,2
1878,2
1880,2
1886,2
1890,2
1893,2
1894,2
1905,2
1906,2
1911,2
1921,2
1922,2
1923,2
1924,2
1937,2
1939,2
1943,2
1953,2
1963,2
1964,2
1966,2
1974,2
1979,2
1980,2
1984,2
1985,2
1987,2
1991,2
1993,2
2000,2
2010,2
2024,2
2025,2
2042,2
2043,2
2049,2
2056,2
2058,2
2062,2
2069,2
2070,2
2073,2
2074,2
2075,2
2091,2
2093,2
2095,2
2098,2
2100,2
2102,2
2107,2
2118,2
2119,2
2152,2
2160,2
2166,2
2168,2
2170,2
2173,2
2179,2
2191,2
2195,2
2196,2
2203,2
2208,2
2217,2
2220,2
2223,2
2230,2
2235,2
2237,2
2238,2
2240,2
2242,2
2248,2
2254,2
2255,2
2259,2
2261,2
2263,2
2267,2
2271,2
2273,2
2276,2
2278,2
2289,2
2293,2
2303,2
2309,2
2310,2
2317,2
2318,2
2321,2
2324,2
2326,2
2327,2
2332,2
2339,2
2345,2
2348,2
2349,2
2355,2
2357,2
2362,2
2369,2
2372,2
2373,2
2382,2
2387,2
2391,2
2392,2
2397,2
2406,2
2414,2
2423,2
2426,2
2429,2
2432,2
2441,2
2459,2
2461,2
2462,2
2477,2
2479,2
2486,2
2487,2
2489,2
2491,2
2498,2
5,3
18,3
20,3
23,3
34,3
37,3
43,3
47,3
48,3
49,3
52,3
53,3
55,3
57,3
58,3
70,3
73,3
74,3
77,3
81,3
86,3
96,3
98,3
99,3
101,3
102,3
112,3
115,3
119,3
120,3
138,3
149,3
154,3
195,3
196,3
198,3
204,3
206,3
220,3
221,3
236,3
237,3
238,3
239,3
244,3
249,3
252,3
253,3
254,3
255,3
258,3
259,3
262,3
271,3
275,3
276,3
282,3
283,3
289,3
302,3
306,3
309,3
318,3
334,3
338,3
342,3
347,3
351,3
359,3
361,3
362,3
372,3
374,3
377,3
380,3
384,3
386,3
389,3
392,3
394,3
396,3
399,3
404,3
411,3
414,3
422,3
425,3
433,3
437,3
445,3
446,3
447,3
468,3
470,3
475,3
478,3
486,3
488,3
492,3
494,3
497,3
508,3
509,3
511,3
512,3
521,3
523,3
532,3
533,3
534,3
549,3
550,3
555,3
556,3
557,3
563,3
564,3
567,3
577,3
585,3
588,3
605,3
613,3
624,3
637,3
649,3
657,3
658,3
661,3
663,3
671,3
673,3
680,3
696,3
700,3
701,3
702,3
703,3
719,3
730,3
745,3
746,3
753,3
755,3
758,3
759,3
760,3
765,3
773,3
784,3
785,3
790,3
794,3
795,3
803,3
804,3
806,3
808,3
812,3
813,3
814,3
824,3
827,3
830,3
833,3
838,3
842,3
850,3
852,3
857,3
866,3
874,3
875,3
876,3
879,3
890,3
893,3
896,3
898,3
903,3
910,3
915,3
921,3
924,3
928,3
933,3
939,3
947,3
950,3
954,3
963,3
968,3
979,3
981,3
984,3
1005,3
1006,3
1009,3
1017,3
1018,3
1022,3
1025,3
1030,3
1031,3
1043,3
1057,3
1061,3
1065,3
1075,3
1077,3
1078,3
1079,3
1087,3
1095,3
1100,3
1106,3
1117,3
1118,3
1126,3
1132,3
1134,3
1140,3
1142,3
1143,3
1144,3
1145,3
1149,3
1152,3
1153,3
1155,3
1165,3
1173,3
1201,3
1203,3
1208,3
1210,3
1215,3
1216,3
1221,3
1228,3
1246,3
1260,3
1271,3
1275,3
1280,3
1287,3
1291,3
1299,3
1302,3
1304,3
1305,3
1315,3
1322,3
1325,3
1329,3
1333,3
1337,3
1345,3
1346,3
1352,3
1353,3
1360,3
1363,3
1364,3
1365,3
1370,3
1374,3
1376,3
1377,3
1379,3
1388,3
1395,3
1396,3
1398,3
1400,3
1402,3
1403,3
1407,3
1412,3
1436,3
1437,3
1439,3
1451,3
1452,3
1453,3
1457,3
1468,3
1469,3
1476,3
1489,3
1490,3
1491,3
1498,3
1501,3
1507,3
1510,3
1520,3
1528,3
1534,3
1538,3
1539,3
1541,3
1544,3
1548,3
1552,3
1560,3
1579,3
1588,3
1596,3
1597,3
1613,3
1619,3
1623,3
1624,3
1628,3
1631,3
1634,3
1646,3
1651,3
1654,3
1660,3
1664,3
1668,3
1675,3
1676,3
1679,3
1684,3
1694,3
1695,3
1697,3
1702,3
1706,3
1708,3
1709,3
1720,3
1721,3
1728,3
1731,3
1733,3
1745,3
1752,3
1754,3
1757,3
1784,3
1799,3
1802,3
1806,3
1809,3
1810,3
1812,3
1814,3
1818,3
1823,3
1824,3
1828,3
1833,3
1834,3
1836,3
1841,3
1844,3
1849,3
1852,3
1866,3
1868,3
1872,3
1876,3
1884,3
1887,3
1889,3
1891,3
1895,3
1899,3
1901,3
1902,3
1916,3
1930,3
1933,3
1942,3
1944,3
1945,3
1959,3
1967,3
1968,3
1969,3
1975,3
1977,3
1981,3
1983,3
1990,3
1996,3
1999,3
2003,3
2009,3
2011,3
2021,3
2022,3
2026,3
2027,3
2029,3
2035,3
2036,3
2039,3
2044,3
2052,3
2054,3
2059,3
2067,3
2076,3
2079,3
2081,3
2084,3
2088,3
2094,3
2096,3
2105,3
2110,3
2112,3
2113,3
2116,3
2121,3
2124,3
2145,3
2149,3
2151,3
2156,3
2157,3
2161,3
2167,3
2175,3
2176,3
2178,3
2181,3
2182,3
2188,3
2190,3
2193,3
2197,3
2198,3
2199,3
2200,3
2202,3
2205,3
2206,3
2210,3
2211,3
2214,3
2216,3
2234,3
2244,3
2252,3
2258,3
2266,3
2275,3
2277,3
2279,3
2282,3
2290,3
2306,3
2312,3
2315,3
2325,3
2330,3
2331,3
2338,3
2340,3
2341,3
2354,3
2363,3
2365,3
2367,3
2374,3
2386,3
2398,3
2400,3
2402,3
2403,3
2408,3
2413,3
2416,3
2418,3
2422,3
2443,3
2444,3
2456,3
2457,3
2458,3
2465,3
2466,3
2471,3
2480,3
2481,3
2488,3
2490,3
2492,3
2493,3
2494,3
2495,3
2496,3
2497,3
2499,3
10,4
15,4
25,4
26,4
27,4
29,4
31,4
35,4
36,4
51,4
56,4
59,4
66,4
68,4
72,4
82,4
84,4
100,4
106,4
129,4
134,4
137,4
145,4
152,4
153,4
156,4
158,4
162,4
166,4
168,4
169,4
170,4
171,4
172,4
173,4
187,4
194,4
197,4
199,4
203,4
208,4
213,4
214,4
218,4
219,4
226,4
228,4
229,4
232,4
235,4
242,4
250,4
260,4
263,4
270,4
284,4
291,4
292,4
293,4
296,4
299,4
303,4
304,4
312,4
313,4
314,4
317,4
320,4
321,4
323,4
332,4
336,4
341,4
346,4
356,4
363,4
364,4
379,4
381,4
398,4
400,4
415,4
416,4
418,4
420,4
423,4
426,4
427,4
428,4
444,4
448,4
452,4
457,4
459,4
460,4
467,4
469,4
472,4
474,4
493,4
498,4
503,4
507,4
513,4
519,4
520,4
522,4
525,4
526,4
527,4
530,4
543,4
547,4
554,4
565,4
570,4
589,4
590,4
593,4
600,4
608,4
611,4
619,4
620,4
622,4
623,4
627,4
628,4
632,4
641,4
650,4
652,4
653,4
664,4
665,4
681,4
687,4
690,4
694,4
713,4
721,4
722,4
726,4
727,4
732,4
734,4
735,4
744,4
747,4
752,4
769,4
770,4
774,4
777,4
783,4
788,4
789,4
797,4
798,4
800,4
807,4
811,4
815,4
823,4
828,4
832,4
839,4
845,4
851,4
854,4
855,4
867,4
877,4
884,4
887,4
888,4
905,4
906,4
914,4
919,4
923,4
926,4
930,4
942,4
967,4
974,4
975,4
977,4
978,4
980,4
982,4
983,4
985,4
986,4
989,4
990,4
1003,4
1007,4
1012,4
1014,4
1016,4
1019,4
1020,4
1028,4
1029,4
1035,4
1038,4
1042,4
1045,4
1047,4
1048,4
1066,4
1069,4
1072,4
1089,4
1091,4
1098,4
1101,4
1103,4
1109,4
1110,4
1112,4
1113,4
1116,4
1119,4
1128,4
1129,4
1131,4
1137,4
1141,4
1146,4
1147,4
1157,4
1159,4
1163,4
1164,4
1169,4
1170,4
1175,4
1187,4
1188,4
1189,4
1192,4
1202,4
1209,4
1211,4
1213,4
1217,4
1225,4
1227,4
1230,4
1233,4
1239,4
1254,4
1258,4
1263,4
1272,4
1277,4
1283,4
1288,4
1292,4
1296,4
1297,4
1301,4
1306,4
1311,4
1316,4
1318,4
1340,4
1349,4
1350,4
1354,4
1355,4
1362,4
1369,4
1371,4
1380,4
1382,4
1397,4
1401,4
1404,4
1405,4
1411,4
1418,4
1419,4
1427,4
1429,4
1432,4
1433,4
1441,4
1444,4
1446,4
1447,4
1450,4
1454,4
1461,4
1462,4
1465,4
1467,4
1475,4
1482,4
1483,4
1484,4
1487,4
1492,4
1502,4
1505,4
1517,4
1522,4
1529,4
1536,4
1537,4
1542,4
1545,4
1547,4
1551,4
1554,4
1557,4
1558,4
1565,4
1570,4
1571,4
1575,4
1576,4
1581,4
1582,4
1590,4
1593,4
1601,4
1604,4
1605,4
1611,4
1616,4
1620,4
1627,4
1630,4
1644,4
1645,4
1647,4
1649,4
1652,4
1659,4
1667,4
1674,4
1687,4
1689,4
1692,4
1693,4
1696,4
1698,4
1700,4
1701,4
1703,4
1704,4
1712,4
1717,4
1718,4
1719,4
1723,4
1729,4
1735,4
1737,4
1744,4
1748,4
1759,4
1769,4
1775,4
1786,4
1788,4
1796,4
1797,4
1798,4
1830,4
1832,4
1839,4
1840,4
1842,4
1848,4
1857,4
1867,4
1871,4
1877,4
1882,4
1885,4
1888,4
1892,4
1908,4
1910,4
1913,4
1917,4
1927,4
1929,4
1934,4
1935,4
1940,4
1941,4
1947,4
1948,4
1950,4
1954,4
1957,4
1973,4
1986,4
1998,4
2002,4
2004,4
2006,4
2016,4
2018,4
2030,4
2031,4
2034,4
2045,4
2046,4
2047,4
2050,4
2051,4
2053,4
2055,4
2061,4
2063,4
2068,4
2077,4
2086,4
2092,4
2097,4
2103,4
2104,4
2115,4
2120,4
2122,4
2126,4
2128,4
2129,4
2130,4
2131,4
2135,4
2140,4
2141,4
2147,4
2150,4
2158,4
2164,4
2171,4
2172,4
2177,4
2183,4
2184,4
2187,4
2192,4
2213,4
2219,4
2221,4
2222,4
2224,4
2246,4
2247,4
2269,4
2281,4
2288,4
2291,4
2292,4
2297,4
2298,4
2299,4
2304,4
2308,4
2314,4
2320,4
2322,4
2323,4
2334,4
2336,4
2347,4
2356,4
2368,4
2377,4
2381,4
2384,4
2385,4
2388,4
2393,4
2394,4
2407,4
2415,4
2417,4
2433,4
2434,4
2440,4
2445,4
2450,4
2452,4
2454,4
2455,4
2464,4
2467,4
2468,4
2470,4
2475,4
2484,4
