"filename","split","wham_file","offset_samples","location","day","bytes"
"file226_000000000_loc07_day1.wav","test","file226","0","loc07","day1","25920044"
"file226_004800000_loc07_day1.wav","test","file226","4800000","loc07","day1","5760044"
"file226_006240000_loc07_day1.wav","test","file226","6240000","loc07","day1","115200044"
"file226_025920000_loc07_day1.wav","test","file226","25920000","loc07","day1","43200044"
"file226_033600000_loc07_day1.wav","test","file226","33600000","loc07","day1","60480044"
"file226_044160000_loc07_day1.wav","test","file226","44160000","loc07","day1","40320044"
"file226_051360000_loc07_day1.wav","test","file226","51360000","loc07","day1","28800044"
"file226_056640000_loc07_day1.wav","test","file226","56640000","loc07","day1","5993516"
"file227_000000000_loc07_day1.wav","test","file227","0","loc07","day1","164160044"
"file227_027840000_loc07_day1.wav","test","file227","27840000","loc07","day1","37440044"
"file227_035040000_loc07_day1.wav","test","file227","35040000","loc07","day1","2880044"
"file227_036480000_loc07_day1.wav","test","file227","36480000","loc07","day1","25920044"
"file227_042720000_loc07_day1.wav","test","file227","42720000","loc07","day1","2880044"
"file227_045600000_loc07_day1.wav","test","file227","45600000","loc07","day1","2880044"
"file227_047040000_loc07_day1.wav","test","file227","47040000","loc07","day1","5760044"
"file227_055680000_loc07_day1.wav","test","file227","55680000","loc07","day1","12549164"
"file228_000000000_loc07_day1.wav","test","file228","0","loc07","day1","74880044"
"file228_012960000_loc07_day1.wav","test","file228","12960000","loc07","day1","17280044"
"file228_016320000_loc07_day1.wav","test","file228","16320000","loc07","day1","2880044"
"file228_017760000_loc07_day1.wav","test","file228","17760000","loc07","day1","2880044"
"file228_024480000_loc07_day1.wav","test","file228","24480000","loc07","day1","2880044"
"file228_026400000_loc07_day1.wav","test","file228","26400000","loc07","day1","5760044"
"file228_027840000_loc07_day1.wav","test","file228","27840000","loc07","day1","14400044"
"file228_030720000_loc07_day1.wav","test","file228","30720000","loc07","day1","2880044"
"file228_031680000_loc07_day1.wav","test","file228","31680000","loc07","day1","17280044"
"file228_035520000_loc07_day1.wav","test","file228","35520000","loc07","day1","14400044"
"file228_039840000_loc07_day1.wav","test","file228","39840000","loc07","day1","17280044"
"file228_043680000_loc07_day1.wav","test","file228","43680000","loc07","day1","2880044"
"file228_046560000_loc07_day1.wav","test","file228","46560000","loc07","day1","2880044"
"file228_048000000_loc07_day1.wav","test","file228","48000000","loc07","day1","2880044"
"file228_048960000_loc07_day1.wav","test","file228","48960000","loc07","day1","8640044"
"file228_051840000_loc07_day1.wav","test","file228","51840000","loc07","day1","2880044"
"file228_055200000_loc07_day1.wav","test","file228","55200000","loc07","day1","5760044"
"file228_056640000_loc07_day1.wav","test","file228","56640000","loc07","day1","6187052"
"file229_000000000_loc07_day1.wav","test","file229","0","loc07","day1","89280044"
"file229_015840000_loc07_day1.wav","test","file229","15840000","loc07","day1","2880044"
"file229_017280000_loc07_day1.wav","test","file229","17280000","loc07","day1","2880044"
"file229_019200000_loc07_day1.wav","test","file229","19200000","loc07","day1","2880044"
"file229_020640000_loc07_day1.wav","test","file229","20640000","loc07","day1","17280044"
"file229_025440000_loc07_day1.wav","test","file229","25440000","loc07","day1","2880044"
"file229_026880000_loc07_day1.wav","test","file229","26880000","loc07","day1","5760044"
"file229_028320000_loc07_day1.wav","test","file229","28320000","loc07","day1","57600044"
"file229_038400000_loc07_day1.wav","test","file229","38400000","loc07","day1","2880044"
"file229_039360000_loc07_day1.wav","test","file229","39360000","loc07","day1","5760044"
"file229_040800000_loc07_day1.wav","test","file229","40800000","loc07","day1","40320044"
"file229_048000000_loc07_day1.wav","test","file229","48000000","loc07","day1","11520044"
"file229_051360000_loc07_day1.wav","test","file229","51360000","loc07","day1","2880044"
"file229_052320000_loc07_day1.wav","test","file229","52320000","loc07","day1","2880044"
"file229_056160000_loc07_day1.wav","test","file229","56160000","loc07","day1","8739884"
"file230_001920000_loc07_day1.wav","test","file230","1920000","loc07","day1","8640044"
"file230_005760000_loc07_day1.wav","test","file230","5760000","loc07","day1","2880044"
"file230_008640000_loc07_day1.wav","test","file230","8640000","loc07","day1","2880044"
"file230_010560000_loc07_day1.wav","test","file230","10560000","loc07","day1","2880044"
"file230_016320000_loc07_day1.wav","test","file230","16320000","loc07","day1","2880044"
"file230_020640000_loc07_day1.wav","test","file230","20640000","loc07","day1","14400044"
"file230_026400000_loc07_day1.wav","test","file230","26400000","loc07","day1","2880044"
"file230_027360000_loc07_day1.wav","test","file230","27360000","loc07","day1","2880044"
"file230_029760000_loc07_day1.wav","test","file230","29760000","loc07","day1","2880044"
"file230_031680000_loc07_day1.wav","test","file230","31680000","loc07","day1","17280044"
"file230_035040000_loc07_day1.wav","test","file230","35040000","loc07","day1","46080044"
"file230_046560000_loc07_day1.wav","test","file230","46560000","loc07","day1","20160044"
"file230_050880000_loc07_day1.wav","test","file230","50880000","loc07","day1","2880044"
"file230_053280000_loc07_day1.wav","test","file230","53280000","loc07","day1","2880044"
"file230_054720000_loc07_day1.wav","test","file230","54720000","loc07","day1","17413676"
"file231_000000000_loc25_day1.wav","test","file231","0","loc25","day1","23040044"
"file231_004320000_loc25_day1.wav","test","file231","4320000","loc25","day1","34560044"
"file231_010560000_loc25_day1.wav","test","file231","10560000","loc25","day1","14400044"
"file231_013440000_loc25_day1.wav","test","file231","13440000","loc25","day1","43200044"
"file231_021120000_loc25_day1.wav","test","file231","21120000","loc25","day1","57600044"
"file231_031200000_loc25_day1.wav","test","file231","31200000","loc25","day1","8640044"
"file231_033120000_loc25_day1.wav","test","file231","33120000","loc25","day1","23040044"
"file231_037440000_loc25_day1.wav","test","file231","37440000","loc25","day1","17280044"
"file231_040800000_loc25_day1.wav","test","file231","40800000","loc25","day1","20160044"
"file231_044640000_loc25_day1.wav","test","file231","44640000","loc25","day1","34560044"
"file231_050880000_loc25_day1.wav","test","file231","50880000","loc25","day1","40869932"
"file232_000000000_loc25_day1.wav","test","file232","0","loc25","day1","100800044"
"file232_017280000_loc25_day1.wav","test","file232","17280000","loc25","day1","5760044"
"file232_018720000_loc25_day1.wav","test","file232","18720000","loc25","day1","37440044"
"file232_025440000_loc25_day1.wav","test","file232","25440000","loc25","day1","46080044"
"file232_033600000_loc25_day1.wav","test","file232","33600000","loc25","day1","8640044"
"file232_035520000_loc25_day1.wav","test","file232","35520000","loc25","day1","48960044"
"file232_044160000_loc25_day1.wav","test","file232","44160000","loc25","day1","25920044"
"file232_048960000_loc25_day1.wav","test","file232","48960000","loc25","day1","34560044"
"file232_055200000_loc25_day1.wav","test","file232","55200000","loc25","day1","5760044"
"file232_056640000_loc25_day1.wav","test","file232","56640000","loc25","day1","14400044"
"file232_059520000_loc25_day1.wav","test","file232","59520000","loc25","day1","2880044"
"file232_060480000_loc25_day1.wav","test","file232","60480000","loc25","day1","2880044"
"file232_061440000_loc25_day1.wav","test","file232","61440000","loc25","day1","60480044"
"file232_072000000_loc25_day1.wav","test","file232","72000000","loc25","day1","14400044"
"file232_075360000_loc25_day1.wav","test","file232","75360000","loc25","day1","2880044"
"file232_076800000_loc25_day1.wav","test","file232","76800000","loc25","day1","2880044"
"file232_077760000_loc25_day1.wav","test","file232","77760000","loc25","day1","40320044"
"file232_084960000_loc25_day1.wav","test","file232","84960000","loc25","day1","9518636"
"file233_000000000_loc25_day1.wav","test","file233","0","loc25","day1","20160044"
"file233_003840000_loc25_day1.wav","test","file233","3840000","loc25","day1","77760044"
"file233_017280000_loc25_day1.wav","test","file233","17280000","loc25","day1","23040044"
"file233_021600000_loc25_day1.wav","test","file233","21600000","loc25","day1","11520044"
"file233_024000000_loc25_day1.wav","test","file233","24000000","loc25","day1","5760044"
"file233_025920000_loc25_day1.wav","test","file233","25920000","loc25","day1","2880044"
"file233_026880000_loc25_day1.wav","test","file233","26880000","loc25","day1","11520044"
"file233_029280000_loc25_day1.wav","test","file233","29280000","loc25","day1","23040044"
"file233_033600000_loc25_day1.wav","test","file233","33600000","loc25","day1","31680044"
"file233_039360000_loc25_day1.wav","test","file233","39360000","loc25","day1","8640044"
"file233_041280000_loc25_day1.wav","test","file233","41280000","loc25","day1","8640044"
"file233_043200000_loc25_day1.wav","test","file233","43200000","loc25","day1","14400044"
"file233_046080000_loc25_day1.wav","test","file233","46080000","loc25","day1","23040044"
"file233_050400000_loc25_day1.wav","test","file233","50400000","loc25","day1","14400044"
"file233_053760000_loc25_day1.wav","test","file233","53760000","loc25","day1","2880044"
"file233_055200000_loc25_day1.wav","test","file233","55200000","loc25","day1","8640044"
"file233_057120000_loc25_day1.wav","test","file233","57120000","loc25","day1","4718636"
"file234_000000000_loc25_day1.wav","test","file234","0","loc25","day1","37440044"
"file234_006720000_loc25_day1.wav","test","file234","6720000","loc25","day1","37440044"
"file234_013440000_loc25_day1.wav","test","file234","13440000","loc25","day1","25920044"
"file234_018240000_loc25_day1.wav","test","file234","18240000","loc25","day1","14400044"
"file234_021120000_loc25_day1.wav","test","file234","21120000","loc25","day1","17280044"
"file234_024960000_loc25_day1.wav","test","file234","24960000","loc25","day1","14400044"
"file234_028800000_loc25_day1.wav","test","file234","28800000","loc25","day1","37440044"
"file234_036000000_loc25_day1.wav","test","file234","36000000","loc25","day1","130301996"
"file235_000000000_loc08_day1.wav","test","file235","0","loc08","day1","43200044"
"file235_007680000_loc08_day1.wav","test","file235","7680000","loc08","day1","86400044"
"file235_022560000_loc08_day1.wav","test","file235","22560000","loc08","day1","215691308"
"file236_000000000_loc08_day1.wav","test","file236","0","loc08","day1","72000044"
"file236_012480000_loc08_day1.wav","test","file236","12480000","loc08","day1","51840044"
"file236_021600000_loc08_day1.wav","test","file236","21600000","loc08","day1","69120044"
"file236_033600000_loc08_day1.wav","test","file236","33600000","loc08","day1","17280044"
"file236_036960000_loc08_day1.wav","test","file236","36960000","loc08","day1","2880044"
"file236_037920000_loc08_day1.wav","test","file236","37920000","loc08","day1","25920044"
"file236_043200000_loc08_day1.wav","test","file236","43200000","loc08","day1","31680044"
"file236_048960000_loc08_day1.wav","test","file236","48960000","loc08","day1","55606316"
"file237_000000000_loc08_day1.wav","test","file237","0","loc08","day1","40320044"
"file237_007200000_loc08_day1.wav","test","file237","7200000","loc08","day1","43200044"
"file237_014880000_loc08_day1.wav","test","file237","14880000","loc08","day1","60480044"
"file237_025920000_loc08_day1.wav","test","file237","25920000","loc08","day1","54720044"
"file237_035520000_loc08_day1.wav","test","file237","35520000","loc08","day1","5760044"
"file237_036960000_loc08_day1.wav","test","file237","36960000","loc08","day1","92160044"
"file237_052800000_loc08_day1.wav","test","file237","52800000","loc08","day1","28800044"
"file237_058080000_loc08_day1.wav","test","file237","58080000","loc08","day1","3116"
"file238_000000000_loc35_day1.wav","test","file238","0","loc35","day1","66240044"
"file238_011520000_loc35_day1.wav","test","file238","11520000","loc35","day1","34560044"
"file238_018240000_loc35_day1.wav","test","file238","18240000","loc35","day1","57600044"
"file238_028320000_loc35_day1.wav","test","file238","28320000","loc35","day1","51840044"
"file238_037440000_loc35_day1.wav","test","file238","37440000","loc35","day1","54720044"
"file238_047040000_loc35_day1.wav","test","file238","47040000","loc35","day1","4313132"
"file239_000000000_loc02_day1.wav","test","file239","0","loc02","day1","115200044"
"file239_019680000_loc02_day1.wav","test","file239","19680000","loc02","day1","227767340"
"file240_000000000_loc02_day1.wav","test","file240","0","loc02","day1","346715180"
"file241_000000000_loc02_day1.wav","test","file241","0","loc02","day1","5760044"
"file241_001440000_loc02_day1.wav","test","file241","1440000","loc02","day1","100800044"
"file241_018720000_loc02_day1.wav","test","file241","18720000","loc02","day1","63360044"
"file241_029760000_loc02_day1.wav","test","file241","29760000","loc02","day1","167411756"
"file242_000000000_loc40_day1.wav","test","file242","0","loc40","day1","420480044"
"file242_070560000_loc40_day1.wav","test","file242","70560000","loc40","day1","96932396"
"file243_000000000_loc40_day1.wav","test","file243","0","loc40","day1","199217708"
"file244_000000000_loc22_day1.wav","test","file244","0","loc22","day1","346426412"
"file245_000000000_loc22_day1.wav","test","file245","0","loc22","day1","351737900"
"file246_000000000_loc22_day1.wav","test","file246","0","loc22","day1","376436780"
"file247_000000000_loc22_day1.wav","test","file247","0","loc22","day1","347205164"
"file248_000000000_loc24_day1.wav","test","file248","0","loc24","day1","346180652"
"file249_000000000_loc24_day1.wav","test","file249","0","loc24","day1","40320044"
"file249_007200000_loc24_day1.wav","test","file249","7200000","loc24","day1","130225196"
