dataset,method,N,mae,delta,p
VoiceHome2,offset,5,1.6886599541722258,0.8381136844353478,0.00030432804478967856
VoiceHome2,offset,10,1.6159566385872073,0.792683127845281,0.0002922642987214375
VoiceHome2,offset,20,1.5774488293088953,0.7678158537789893,0.00033138696797985824
VoiceHome2,offset,50,1.5553287077410711,0.7541095177833741,0.00033589755354745607
VoiceHome2,scale,5,1.1702546234561813,0.3206139249235803,0.00029111977702676596
VoiceHome2,scale,10,1.1202626975651988,0.2979983030125892,0.0002250601831380939
VoiceHome2,scale,20,1.0897806262868488,0.28087563446290775,0.0001934904895542896
VoiceHome2,scale,50,1.074729471443908,0.27300718618924646,0.00020519351208450685
VoiceHome2,log-affine,5,1.7820911546494809,0.9330175406015028,0.2987120483081697
VoiceHome2,log-affine,10,0.8532875832582969,0.03010426457494697,8.570928933020675e-05
VoiceHome2,log-affine,20,0.8189341957006745,0.01064812884171007,0.0015877766589650415
VoiceHome2,log-affine,50,0.8019117082472402,0.00042435244823146867,0.6909890848586462
VoiceHome2,affine,5,1.0033898832441752,0.15474834861289022,5.281744548130075e-05
VoiceHome2,affine,10,0.869073728264963,0.046878246638922594,1.0023236579427264e-05
VoiceHome2,affine,20,0.8259022737776214,0.016997223928607585,3.354053094235188e-06
VoiceHome2,affine,50,0.8073696513567855,0.005844225639954348,0.001172737838829917
VoiceHome2,shrink,5,0.9191238846359298,0.06947456464490942,0.0002412776016215572
VoiceHome2,shrink,10,0.8465752889229483,0.023069072317160932,6.45797544353398e-05
VoiceHome2,shrink,20,0.8182852148407409,0.009254241675444419,0.00010097939082600562
VoiceHome2,shrink,50,0.803656130807574,0.0027045320347149904,0.004131535572687374
STARS23,offset,5,2.0135595293564683,1.5519659792891787,3.6249404703283475e-06
STARS23,offset,10,1.9330297107170384,1.4824389579146224,3.0328452263907587e-06
STARS23,offset,20,1.9031112814786941,1.4530424491421887,2.332448781542671e-06
STARS23,offset,50,1.8829699351870695,1.4356644596350736,1.951346864525424e-06
STARS23,scale,5,1.1013723728524247,0.6371162276654309,1.375230967283866e-06
STARS23,scale,10,1.1137205527360075,0.6591143764296767,8.258814552134757e-07
STARS23,scale,20,1.1171418985714177,0.6660570619667655,6.944761581156833e-07
STARS23,scale,50,1.1231940246785053,0.6784868589470003,1.6355878127614476e-06
STARS23,log-affine,5,0.5730484896269112,0.11000947457679788,0.00029599826494553546
STARS23,log-affine,10,0.5101350355465623,0.055229134583973494,3.3160602261652488e-06
STARS23,log-affine,20,0.4944276299673094,0.044328609497461646,4.15437859573001e-06
STARS23,log-affine,50,0.49085172982901265,0.04458398631223054,4.150629201863104e-06
STARS23,affine,5,0.5113857720775409,0.04485051941445256,0.0012166179028915555
STARS23,affine,10,0.46264988365018633,0.0058856059899335955,0.0038375779293277116
STARS23,affine,20,0.4427343964278889,-0.004808194811931288,0.03786511827217792
STARS23,affine,50,0.43733198427739095,-0.008663127761703138,0.004856749484186638
STARS23,shrink,5,0.4878270452387025,0.021405247931522098,0.0007631035707348345
STARS23,shrink,10,0.45440375804876504,0.0012866112252368223,0.15048962552401163
STARS23,shrink,20,0.44396526929963465,-0.005014703163947143,0.019323123649179375
STARS23,shrink,50,0.4401285896122594,-0.006287425183681916,0.004605127118258241
QMUL_clean,offset,5,2.8802556814239995,-0.3233684753050281,0.0033130586699923054
QMUL_clean,offset,10,2.775189567118927,-0.3296409945500338,0.003245790765056549
QMUL_clean,offset,20,2.7063942109959562,-0.33771539899125,0.0034470461695189606
QMUL_clean,offset,50,2.6875869984978644,-0.33738122286735805,0.0034816230712508838
QMUL_clean,scale,5,2.7929132182219574,-0.43223471469037555,0.008812903627097239
QMUL_clean,scale,10,2.59537694483281,-0.5028116380735597,0.004211669964080303
QMUL_clean,scale,20,2.5181985565424303,-0.5220663235678158,0.0035869580292570537
QMUL_clean,scale,50,2.4673183824166407,-0.5488859536195823,0.0026808933022609126
QMUL_clean,log-affine,5,3.5317969384970502,0.33182881463439573,0.07305135132463746
QMUL_clean,log-affine,10,2.7416799664319633,-0.35862858369573747,0.004530351108404394
QMUL_clean,log-affine,20,2.5366845385022203,-0.5114800937218456,0.001428431169034773
QMUL_clean,log-affine,50,2.4500211724595133,-0.572457352427183,0.0008793823820820446
QMUL_clean,affine,5,3.0130541774814508,-0.19148647782949846,0.029880605118321628
QMUL_clean,affine,10,2.5406321597707144,-0.5409626888672197,0.0006502237830253443
QMUL_clean,affine,20,2.389937678881372,-0.6592171723423439,0.00030618632898482274
QMUL_clean,affine,50,2.3019195797894154,-0.718318931110058,0.00034055143664074084
QMUL_clean,shrink,5,2.9110081362827254,-0.2888671080793639,0.00497391481736322
QMUL_clean,shrink,10,2.5923637744815387,-0.4994267463731634,0.0004920113417156715
QMUL_clean,shrink,20,2.4640121218452165,-0.5949836790193035,0.00042688376726230417
QMUL_clean,shrink,50,2.33003290325333,-0.6923616875408447,0.0003977044204454256
QMUL_0dB,offset,5,2.8780224071960627,-0.3351436705894293,0.00048441202734414353
QMUL_0dB,offset,10,2.7581363944509647,-0.33979393813217973,0.0006405196333287148
QMUL_0dB,offset,20,2.70444796921179,-0.345312929371675,0.0006325245885528824
QMUL_0dB,offset,50,2.6743490938403554,-0.351992390873729,0.0004676672378655073
QMUL_0dB,scale,5,3.169838568809376,-0.03983087926150297,0.13163755886356113
QMUL_0dB,scale,10,2.991184026067951,-0.1153997508645177,0.008351085587959288
QMUL_0dB,scale,20,2.8819719985901,-0.1668936664393197,0.0011441220065412316
QMUL_0dB,scale,50,2.821848171994363,-0.20066355803046942,0.0004944153494763349
QMUL_0dB,log-affine,5,7.68016219765047,4.490453968115403,0.2442464228977007
QMUL_0dB,log-affine,10,3.26644335319546,0.15250942752882768,0.13130495639091952
QMUL_0dB,log-affine,20,2.9645053698217185,-0.0725451685583387,0.2506490140405427
QMUL_0dB,log-affine,50,2.854312867319499,-0.16778077435846317,0.02245072238829659
QMUL_0dB,affine,5,3.7833875073915806,0.5913298660524555,0.007656709576798341
QMUL_0dB,affine,10,3.0693833219897377,-0.022109392829817498,0.7043379244615307
QMUL_0dB,affine,20,2.81974285062419,-0.2263965963013974,0.006292620366448592
QMUL_0dB,affine,50,2.70237966880865,-0.3231767756574113,0.0013729587465050226
QMUL_0dB,shrink,5,3.371402218269445,0.18916396200041374,0.03057476738238695
QMUL_0dB,shrink,10,2.9859071454384023,-0.10212764776897787,0.06554232976181384
QMUL_0dB,shrink,20,2.818409783694862,-0.2249365448652081,0.003249901682276412
QMUL_0dB,shrink,50,2.7190562727537038,-0.3061022448303903,0.0014183976374915709
