model,regime,label,dataset,ds_label,N,method,mae,lo,hi,uncal,pearson,spearman
iwaenc_repro,clean_trained,"Baseline, clean-trained",VoiceHome2,VoiceHome2,5,constant,0.8505462697368777,0.8472895202951921,0.8538030191785634,2.3837637148491324,0.08569980023170708,0.07037534015620926
iwaenc_repro,clean_trained,"Baseline, clean-trained",VoiceHome2,VoiceHome2,5,affine,1.0031142234752086,0.9893894758179127,1.0168389711325045,2.3837637148491324,0.08569980023170708,0.07037534015620926
iwaenc_repro,clean_trained,"Baseline, clean-trained",VoiceHome2,VoiceHome2,5,offset,1.5510798565903756,1.543498068652069,1.5586616445286823,2.3837637148491324,0.08569980023170708,0.07037534015620926
iwaenc_repro,clean_trained,"Baseline, clean-trained",VoiceHome2,VoiceHome2,5,scale,1.0229322955902407,1.0173192516266123,1.028545339553869,2.3837637148491324,0.08569980023170708,0.07037534015620926
iwaenc_repro,clean_trained,"Baseline, clean-trained",VoiceHome2,VoiceHome2,5,log-affine,1.4635369740119586,0.5444210853871608,2.3826528626367565,2.3837637148491324,0.08569980023170708,0.07037534015620926
iwaenc_repro,clean_trained,"Baseline, clean-trained",VoiceHome2,VoiceHome2,5,shrink,0.9261880670017586,0.9174214266352865,0.9349547073682307,2.3837637148491324,0.08569980023170708,0.07037534015620926
iwaenc_repro,clean_trained,"Baseline, clean-trained",VoiceHome2,VoiceHome2,10,constant,0.8232735107419262,0.8215950665943825,0.8249519548894699,2.3837637148491324,0.08569980023170708,0.07037534015620926
iwaenc_repro,clean_trained,"Baseline, clean-trained",VoiceHome2,VoiceHome2,10,affine,0.8711148938689192,0.867562240887723,0.8746675468501153,2.3837637148491324,0.08569980023170708,0.07037534015620926
iwaenc_repro,clean_trained,"Baseline, clean-trained",VoiceHome2,VoiceHome2,10,offset,1.4920608135801472,1.4882332021206839,1.4958884250396105,2.3837637148491324,0.08569980023170708,0.07037534015620926
iwaenc_repro,clean_trained,"Baseline, clean-trained",VoiceHome2,VoiceHome2,10,scale,0.9739902699427744,0.9713184433276684,0.9766620965578804,2.3837637148491324,0.08569980023170708,0.07037534015620926
iwaenc_repro,clean_trained,"Baseline, clean-trained",VoiceHome2,VoiceHome2,10,log-affine,0.8561376605209992,0.8530291607761237,0.8592461602658746,2.3837637148491324,0.08569980023170708,0.07037534015620926
iwaenc_repro,clean_trained,"Baseline, clean-trained",VoiceHome2,VoiceHome2,10,shrink,0.8461436677929587,0.843494613349807,0.8487927222361104,2.3837637148491324,0.08569980023170708,0.07037534015620926
iwaenc_repro,clean_trained,"Baseline, clean-trained",VoiceHome2,VoiceHome2,20,constant,0.809632975529906,0.8086336472477059,0.810632303812106,2.3837637148491324,0.08569980023170708,0.07037534015620926
iwaenc_repro,clean_trained,"Baseline, clean-trained",VoiceHome2,VoiceHome2,20,affine,0.8291559171004497,0.8275060496043186,0.8308057845965807,2.3837637148491324,0.08569980023170708,0.07037534015620926
iwaenc_repro,clean_trained,"Baseline, clean-trained",VoiceHome2,VoiceHome2,20,offset,1.458699044000743,1.4565202000934374,1.4608778879080486,2.3837637148491324,0.08569980023170708,0.07037534015620926
iwaenc_repro,clean_trained,"Baseline, clean-trained",VoiceHome2,VoiceHome2,20,scale,0.9497449835737651,0.9481320880081007,0.9513578791394296,2.3837637148491324,0.08569980023170708,0.07037534015620926
iwaenc_repro,clean_trained,"Baseline, clean-trained",VoiceHome2,VoiceHome2,20,log-affine,0.8192239405514463,0.8179238730601497,0.820524008042743,2.3837637148491324,0.08569980023170708,0.07037534015620926
iwaenc_repro,clean_trained,"Baseline, clean-trained",VoiceHome2,VoiceHome2,20,shrink,0.8189123844763622,0.8175381917255768,0.8202865772271475,2.3837637148491324,0.08569980023170708,0.07037534015620926
iwaenc_repro,clean_trained,"Baseline, clean-trained",VoiceHome2,VoiceHome2,50,constant,0.8012191899576971,0.8007043074246121,0.8017340724907822,2.3837637148491324,0.08569980023170708,0.07037534015620926
iwaenc_repro,clean_trained,"Baseline, clean-trained",VoiceHome2,VoiceHome2,50,affine,0.8074620314142598,0.8067823433031583,0.8081417195253612,2.3837637148491324,0.08569980023170708,0.07037534015620926
iwaenc_repro,clean_trained,"Baseline, clean-trained",VoiceHome2,VoiceHome2,50,offset,1.4401191502624278,1.4391191908898087,1.4411191096350469,2.3837637148491324,0.08569980023170708,0.07037534015620926
iwaenc_repro,clean_trained,"Baseline, clean-trained",VoiceHome2,VoiceHome2,50,scale,0.9339467918291113,0.933296289954371,0.9345972937038517,2.3837637148491324,0.08569980023170708,0.07037534015620926
iwaenc_repro,clean_trained,"Baseline, clean-trained",VoiceHome2,VoiceHome2,50,log-affine,0.801269470735066,0.8008317009311426,0.8017072405389895,2.3837637148491324,0.08569980023170708,0.07037534015620926
iwaenc_repro,clean_trained,"Baseline, clean-trained",VoiceHome2,VoiceHome2,50,shrink,0.8040104226837959,0.8034016386335272,0.8046192067340645,2.3837637148491324,0.08569980023170708,0.07037534015620926
iwaenc_repro,clean_trained,"Baseline, clean-trained",STARS23,STARS23,5,constant,0.46908454103150876,0.46264900717451873,0.4755200748884988,3.0696240103285466,-0.01637459277392515,-0.03383793224128209
iwaenc_repro,clean_trained,"Baseline, clean-trained",STARS23,STARS23,5,affine,0.5282445248132751,0.5205246403824869,0.5359644092440633,3.0696240103285466,-0.01637459277392515,-0.03383793224128209
iwaenc_repro,clean_trained,"Baseline, clean-trained",STARS23,STARS23,5,offset,2.021383035270997,2.0052582296852086,2.0375078408567853,3.0696240103285466,-0.01637459277392515,-0.03383793224128209
iwaenc_repro,clean_trained,"Baseline, clean-trained",STARS23,STARS23,5,scale,0.8767643034099181,0.8709021825437283,0.8826264242761078,3.0696240103285466,-0.01637459277392515,-0.03383793224128209
iwaenc_repro,clean_trained,"Baseline, clean-trained",STARS23,STARS23,5,log-affine,0.5753567771117369,0.5588000043845125,0.5919135498389614,3.0696240103285466,-0.01637459277392515,-0.03383793224128209
iwaenc_repro,clean_trained,"Baseline, clean-trained",STARS23,STARS23,5,shrink,0.49705874872778394,0.4901971018626295,0.5039203955929384,3.0696240103285466,-0.01637459277392515,-0.03383793224128209
iwaenc_repro,clean_trained,"Baseline, clean-trained",STARS23,STARS23,10,constant,0.4547527098343397,0.4499787948208621,0.45952662484781726,3.0696240103285466,-0.01637459277392515,-0.03383793224128209
iwaenc_repro,clean_trained,"Baseline, clean-trained",STARS23,STARS23,10,affine,0.4710873829010931,0.466293567306849,0.47588119849533717,3.0696240103285466,-0.01637459277392515,-0.03383793224128209
iwaenc_repro,clean_trained,"Baseline, clean-trained",STARS23,STARS23,10,offset,1.9398127672594723,1.9289903905492451,1.9506351439696994,3.0696240103285466,-0.01637459277392515,-0.03383793224128209
iwaenc_repro,clean_trained,"Baseline, clean-trained",STARS23,STARS23,10,scale,0.8575775932378857,0.8529629133163078,0.8621922731594637,3.0696240103285466,-0.01637459277392515,-0.03383793224128209
iwaenc_repro,clean_trained,"Baseline, clean-trained",STARS23,STARS23,10,log-affine,0.5123081389883295,0.5075264878754516,0.5170897901012074,3.0696240103285466,-0.01637459277392515,-0.03383793224128209
iwaenc_repro,clean_trained,"Baseline, clean-trained",STARS23,STARS23,10,shrink,0.46200358060503904,0.45721744163612454,0.46678971957395354,3.0696240103285466,-0.01637459277392515,-0.03383793224128209
iwaenc_repro,clean_trained,"Baseline, clean-trained",STARS23,STARS23,20,constant,0.450915895490744,0.4475208738769733,0.4543109171045147,3.0696240103285466,-0.01637459277392515,-0.03383793224128209
iwaenc_repro,clean_trained,"Baseline, clean-trained",STARS23,STARS23,20,affine,0.455102968508741,0.4517772189154864,0.4584287181019956,3.0696240103285466,-0.01637459277392515,-0.03383793224128209
iwaenc_repro,clean_trained,"Baseline, clean-trained",STARS23,STARS23,20,offset,1.898009783902693,1.8907217683676198,1.9052977994377662,3.0696240103285466,-0.01637459277392515,-0.03383793224128209
iwaenc_repro,clean_trained,"Baseline, clean-trained",STARS23,STARS23,20,scale,0.8552588386555147,0.8518365464944364,0.8586811308165929,3.0696240103285466,-0.01637459277392515,-0.03383793224128209
iwaenc_repro,clean_trained,"Baseline, clean-trained",STARS23,STARS23,20,log-affine,0.5027651230785882,0.4994956061059691,0.5060346400512074,3.0696240103285466,-0.01637459277392515,-0.03383793224128209
iwaenc_repro,clean_trained,"Baseline, clean-trained",STARS23,STARS23,20,shrink,0.452303516806674,0.44896456592200196,0.4556424676913461,3.0696240103285466,-0.01637459277392515,-0.03383793224128209
iwaenc_repro,clean_trained,"Baseline, clean-trained",STARS23,STARS23,50,constant,0.44462536594926944,0.4423620767436988,0.44688865515484005,3.0696240103285466,-0.01637459277392515,-0.03383793224128209
iwaenc_repro,clean_trained,"Baseline, clean-trained",STARS23,STARS23,50,affine,0.44454643082030076,0.44226527751416,0.4468275841264415,3.0696240103285466,-0.01637459277392515,-0.03383793224128209
iwaenc_repro,clean_trained,"Baseline, clean-trained",STARS23,STARS23,50,offset,1.8737703473481269,1.869120496695405,1.8784201980008488,3.0696240103285466,-0.01637459277392515,-0.03383793224128209
iwaenc_repro,clean_trained,"Baseline, clean-trained",STARS23,STARS23,50,scale,0.8510325190447866,0.848704336866176,0.8533607012233972,3.0696240103285466,-0.01637459277392515,-0.03383793224128209
iwaenc_repro,clean_trained,"Baseline, clean-trained",STARS23,STARS23,50,log-affine,0.49599602158362227,0.49376480345413115,0.4982272397131134,3.0696240103285466,-0.01637459277392515,-0.03383793224128209
iwaenc_repro,clean_trained,"Baseline, clean-trained",STARS23,STARS23,50,shrink,0.44429632944171177,0.4420221407282639,0.44657051815515963,3.0696240103285466,-0.01637459277392515,-0.03383793224128209
iwaenc_repro,clean_trained,"Baseline, clean-trained",QMUL_clean,"QMUL-TIMIT, clean",5,constant,3.2038920271594433,3.182478004253725,3.2253060500651616,5.969508534316663,0.09898562407318878,0.09880075877865671
iwaenc_repro,clean_trained,"Baseline, clean-trained",QMUL_clean,"QMUL-TIMIT, clean",5,affine,3.649860870517758,3.6046251057963765,3.69509663523914,5.969508534316663,0.09898562407318878,0.09880075877865671
iwaenc_repro,clean_trained,"Baseline, clean-trained",QMUL_clean,"QMUL-TIMIT, clean",5,offset,3.1580090733018804,3.135344297760434,3.180673848843327,5.969508534316663,0.09898562407318878,0.09880075877865671
iwaenc_repro,clean_trained,"Baseline, clean-trained",QMUL_clean,"QMUL-TIMIT, clean",5,scale,3.50464794295252,3.4815987708808773,3.5276971150241625,5.969508534316663,0.09898562407318878,0.09880075877865671
iwaenc_repro,clean_trained,"Baseline, clean-trained",QMUL_clean,"QMUL-TIMIT, clean",5,log-affine,4.3830984146856675,3.566087054924952,5.200109774446383,5.969508534316663,0.09898562407318878,0.09880075877865671
iwaenc_repro,clean_trained,"Baseline, clean-trained",QMUL_clean,"QMUL-TIMIT, clean",5,shrink,3.4088041491329832,3.3752247347084094,3.442383563557557,5.969508534316663,0.09898562407318878,0.09880075877865671
iwaenc_repro,clean_trained,"Baseline, clean-trained",QMUL_clean,"QMUL-TIMIT, clean",10,constant,3.093364593429742,3.0794318553747813,3.1072973314847028,5.969508534316663,0.09898562407318878,0.09880075877865671
iwaenc_repro,clean_trained,"Baseline, clean-trained",QMUL_clean,"QMUL-TIMIT, clean",10,affine,3.1830933767617835,3.1664483368753746,3.1997384166481924,5.969508534316663,0.09898562407318878,0.09880075877865671
iwaenc_repro,clean_trained,"Baseline, clean-trained",QMUL_clean,"QMUL-TIMIT, clean",10,offset,3.030569739563465,3.0162608240952995,3.0448786550316305,5.969508534316663,0.09898562407318878,0.09880075877865671
iwaenc_repro,clean_trained,"Baseline, clean-trained",QMUL_clean,"QMUL-TIMIT, clean",10,scale,3.3543576404645585,3.340161710331771,3.368553570597346,5.969508534316663,0.09898562407318878,0.09880075877865671
iwaenc_repro,clean_trained,"Baseline, clean-trained",QMUL_clean,"QMUL-TIMIT, clean",10,log-affine,3.4182848028838473,3.398098048348902,3.4384715574187927,5.969508534316663,0.09898562407318878,0.09880075877865671
iwaenc_repro,clean_trained,"Baseline, clean-trained",QMUL_clean,"QMUL-TIMIT, clean",10,shrink,3.1240129861969645,3.1089456314733224,3.1390803409206067,5.969508534316663,0.09898562407318878,0.09880075877865671
iwaenc_repro,clean_trained,"Baseline, clean-trained",QMUL_clean,"QMUL-TIMIT, clean",20,constant,3.0408938976528024,3.0304003576589476,3.051387437646657,5.969508534316663,0.09898562407318878,0.09880075877865671
iwaenc_repro,clean_trained,"Baseline, clean-trained",QMUL_clean,"QMUL-TIMIT, clean",20,affine,3.045234631044147,3.034323210024593,3.056146052063701,5.969508534316663,0.09898562407318878,0.09880075877865671
iwaenc_repro,clean_trained,"Baseline, clean-trained",QMUL_clean,"QMUL-TIMIT, clean",20,offset,2.9679006738530616,2.957350137321678,2.978451210384445,5.969508534316663,0.09898562407318878,0.09880075877865671
iwaenc_repro,clean_trained,"Baseline, clean-trained",QMUL_clean,"QMUL-TIMIT, clean",20,scale,3.2829620872622143,3.272160600207977,3.2937635743164515,5.969508534316663,0.09898562407318878,0.09880075877865671
iwaenc_repro,clean_trained,"Baseline, clean-trained",QMUL_clean,"QMUL-TIMIT, clean",20,log-affine,3.297706522485846,3.28390107534436,3.311511969627332,5.969508534316663,0.09898562407318878,0.09880075877865671
iwaenc_repro,clean_trained,"Baseline, clean-trained",QMUL_clean,"QMUL-TIMIT, clean",20,shrink,3.0333286106215076,3.022774204272247,3.043883016970768,5.969508534316663,0.09898562407318878,0.09880075877865671
iwaenc_repro,clean_trained,"Baseline, clean-trained",QMUL_clean,"QMUL-TIMIT, clean",50,constant,3.021445535653185,3.014970968644391,3.027920102661979,5.969508534316663,0.09898562407318878,0.09880075877865671
iwaenc_repro,clean_trained,"Baseline, clean-trained",QMUL_clean,"QMUL-TIMIT, clean",50,affine,2.992080534247103,2.985308547477521,2.998852521016685,5.969508534316663,0.09898562407318878,0.09880075877865671
iwaenc_repro,clean_trained,"Baseline, clean-trained",QMUL_clean,"QMUL-TIMIT, clean",50,offset,2.9418120921360797,2.9352604077781757,2.948363776493984,5.969508534316663,0.09898562407318878,0.09880075877865671
iwaenc_repro,clean_trained,"Baseline, clean-trained",QMUL_clean,"QMUL-TIMIT, clean",50,scale,3.2463138446928586,3.239553210030744,3.2530744793549733,5.969508534316663,0.09898562407318878,0.09880075877865671
iwaenc_repro,clean_trained,"Baseline, clean-trained",QMUL_clean,"QMUL-TIMIT, clean",50,log-affine,3.267153315091624,3.25841923079396,3.275887399389288,5.969508534316663,0.09898562407318878,0.09880075877865671
iwaenc_repro,clean_trained,"Baseline, clean-trained",QMUL_clean,"QMUL-TIMIT, clean",50,shrink,2.9982004628281884,2.9916193863538623,3.0047815393025146,5.969508534316663,0.09898562407318878,0.09880075877865671
iwaenc_repro,clean_trained,"Baseline, clean-trained",QMUL_0dB,"QMUL-TIMIT, 0 dB",5,constant,3.19484546817391,3.1732910357206197,3.2163999006272,5.535835454110746,0.0698228399990506,0.06746491416309071
iwaenc_repro,clean_trained,"Baseline, clean-trained",QMUL_0dB,"QMUL-TIMIT, 0 dB",5,affine,3.676332455095858,3.628571484140468,3.7240934260512475,5.535835454110746,0.0698228399990506,0.06746491416309071
iwaenc_repro,clean_trained,"Baseline, clean-trained",QMUL_0dB,"QMUL-TIMIT, 0 dB",5,offset,3.2274812913419937,3.2062713739257056,3.2486912087582818,5.535835454110746,0.0698228399990506,0.06746491416309071
iwaenc_repro,clean_trained,"Baseline, clean-trained",QMUL_0dB,"QMUL-TIMIT, 0 dB",5,scale,3.522862232327764,3.5009829275586832,3.544741537096845,5.535835454110746,0.0698228399990506,0.06746491416309071
iwaenc_repro,clean_trained,"Baseline, clean-trained",QMUL_0dB,"QMUL-TIMIT, 0 dB",5,log-affine,5.8484954925603505,2.1566097783415326,9.540381206779168,5.535835454110746,0.0698228399990506,0.06746491416309071
iwaenc_repro,clean_trained,"Baseline, clean-trained",QMUL_0dB,"QMUL-TIMIT, 0 dB",5,shrink,3.4238652847985134,3.3908472811763626,3.456883288420664,5.535835454110746,0.0698228399990506,0.06746491416309071
iwaenc_repro,clean_trained,"Baseline, clean-trained",QMUL_0dB,"QMUL-TIMIT, 0 dB",10,constant,3.103087123752346,3.088922832111138,3.117251415393554,5.535835454110746,0.0698228399990506,0.06746491416309071
iwaenc_repro,clean_trained,"Baseline, clean-trained",QMUL_0dB,"QMUL-TIMIT, 0 dB",10,affine,3.231402130738831,3.2149893983888957,3.247814863088766,5.535835454110746,0.0698228399990506,0.06746491416309071
iwaenc_repro,clean_trained,"Baseline, clean-trained",QMUL_0dB,"QMUL-TIMIT, 0 dB",10,offset,3.123740193863533,3.1104744049689996,3.1370059827580663,5.535835454110746,0.0698228399990506,0.06746491416309071
iwaenc_repro,clean_trained,"Baseline, clean-trained",QMUL_0dB,"QMUL-TIMIT, 0 dB",10,scale,3.391817654072645,3.3781842767848964,3.4054510313603936,5.535835454110746,0.0698228399990506,0.06746491416309071
iwaenc_repro,clean_trained,"Baseline, clean-trained",QMUL_0dB,"QMUL-TIMIT, 0 dB",10,log-affine,3.464117316517286,3.4448439897208654,3.4833906433137067,5.535835454110746,0.0698228399990506,0.06746491416309071
iwaenc_repro,clean_trained,"Baseline, clean-trained",QMUL_0dB,"QMUL-TIMIT, 0 dB",10,shrink,3.1624034084272945,3.1475302940410526,3.1772765228135365,5.535835454110746,0.0698228399990506,0.06746491416309071
iwaenc_repro,clean_trained,"Baseline, clean-trained",QMUL_0dB,"QMUL-TIMIT, 0 dB",20,constant,3.0454583670532265,3.035223263405283,3.05569347070117,5.535835454110746,0.0698228399990506,0.06746491416309071
iwaenc_repro,clean_trained,"Baseline, clean-trained",QMUL_0dB,"QMUL-TIMIT, 0 dB",20,affine,3.091050975866021,3.0799218415006058,3.102180110231436,5.535835454110746,0.0698228399990506,0.06746491416309071
iwaenc_repro,clean_trained,"Baseline, clean-trained",QMUL_0dB,"QMUL-TIMIT, 0 dB",20,offset,3.0641060396367443,3.0544609032378522,3.0737511760356364,5.535835454110746,0.0698228399990506,0.06746491416309071
iwaenc_repro,clean_trained,"Baseline, clean-trained",QMUL_0dB,"QMUL-TIMIT, 0 dB",20,scale,3.320325266405317,3.31103116140841,3.3296193714022237,5.535835454110746,0.0698228399990506,0.06746491416309071
iwaenc_repro,clean_trained,"Baseline, clean-trained",QMUL_0dB,"QMUL-TIMIT, 0 dB",20,log-affine,3.3513163082203508,3.336934679917375,3.3656979365233264,5.535835454110746,0.0698228399990506,0.06746491416309071
iwaenc_repro,clean_trained,"Baseline, clean-trained",QMUL_0dB,"QMUL-TIMIT, 0 dB",20,shrink,3.065780741821233,3.055094068790653,3.076467414851813,5.535835454110746,0.0698228399990506,0.06746491416309071
iwaenc_repro,clean_trained,"Baseline, clean-trained",QMUL_0dB,"QMUL-TIMIT, 0 dB",50,constant,3.0240583319593006,3.0176442540469215,3.0304724098716798,5.535835454110746,0.0698228399990506,0.06746491416309071
iwaenc_repro,clean_trained,"Baseline, clean-trained",QMUL_0dB,"QMUL-TIMIT, 0 dB",50,affine,3.03189806186072,3.0251189524441946,3.0386771712772456,5.535835454110746,0.0698228399990506,0.06746491416309071
iwaenc_repro,clean_trained,"Baseline, clean-trained",QMUL_0dB,"QMUL-TIMIT, 0 dB",50,offset,3.0338101051741067,3.0276687623385805,3.039951448009633,5.535835454110746,0.0698228399990506,0.06746491416309071
iwaenc_repro,clean_trained,"Baseline, clean-trained",QMUL_0dB,"QMUL-TIMIT, 0 dB",50,scale,3.2786891982491415,3.272627209659153,3.28475118683913,5.535835454110746,0.0698228399990506,0.06746491416309071
iwaenc_repro,clean_trained,"Baseline, clean-trained",QMUL_0dB,"QMUL-TIMIT, 0 dB",50,log-affine,3.316089880790725,3.3069160915251974,3.325263670056253,5.535835454110746,0.0698228399990506,0.06746491416309071
iwaenc_repro,clean_trained,"Baseline, clean-trained",QMUL_0dB,"QMUL-TIMIT, 0 dB",50,shrink,3.026692223115531,3.020064016043964,3.033320430187098,5.535835454110746,0.0698228399990506,0.06746491416309071
iwaenc_repro,noise_trained,"Baseline, noise-trained",VoiceHome2,VoiceHome2,5,constant,0.8529201664637214,0.849576539805567,0.8562637931218757,2.040382497114678,0.04978801339911891,0.04181700822893156
iwaenc_repro,noise_trained,"Baseline, noise-trained",VoiceHome2,VoiceHome2,5,affine,1.0121629445444897,0.9978712178591691,1.0264546712298104,2.040382497114678,0.04978801339911891,0.04181700822893156
iwaenc_repro,noise_trained,"Baseline, noise-trained",VoiceHome2,VoiceHome2,5,offset,1.7925851530851078,1.783070503724865,1.8020998024453505,2.040382497114678,0.04978801339911891,0.04181700822893156
iwaenc_repro,noise_trained,"Baseline, noise-trained",VoiceHome2,VoiceHome2,5,scale,1.1862916385894666,1.1793545918773287,1.1932286853016045,2.040382497114678,0.04978801339911891,0.04181700822893156
iwaenc_repro,noise_trained,"Baseline, noise-trained",VoiceHome2,VoiceHome2,5,log-affine,1.1820357350833839,0.7831839384912311,1.5808875316755366,2.040382497114678,0.04978801339911891,0.04181700822893156
iwaenc_repro,noise_trained,"Baseline, noise-trained",VoiceHome2,VoiceHome2,5,shrink,0.9346526784126307,0.9246961205325599,0.9446092362927014,2.040382497114678,0.04978801339911891,0.04181700822893156
iwaenc_repro,noise_trained,"Baseline, noise-trained",VoiceHome2,VoiceHome2,10,constant,0.8235684049012564,0.8218782609442369,0.8252585488582759,2.040382497114678,0.04978801339911891,0.04181700822893156
iwaenc_repro,noise_trained,"Baseline, noise-trained",VoiceHome2,VoiceHome2,10,affine,0.8725906259239452,0.8685946455233584,0.876586606324532,2.040382497114678,0.04978801339911891,0.04181700822893156
iwaenc_repro,noise_trained,"Baseline, noise-trained",VoiceHome2,VoiceHome2,10,offset,1.716468335630469,1.7106783816671571,1.722258289593781,2.040382497114678,0.04978801339911891,0.04181700822893156
iwaenc_repro,noise_trained,"Baseline, noise-trained",VoiceHome2,VoiceHome2,10,scale,1.124541121585731,1.1209317340726221,1.12815050909884,2.040382497114678,0.04978801339911891,0.04181700822893156
iwaenc_repro,noise_trained,"Baseline, noise-trained",VoiceHome2,VoiceHome2,10,log-affine,0.8558477922167084,0.8525633019880877,0.859132282445329,2.040382497114678,0.04978801339911891,0.04181700822893156
iwaenc_repro,noise_trained,"Baseline, noise-trained",VoiceHome2,VoiceHome2,10,shrink,0.84813897216823,0.8451110407699145,0.8511669035665455,2.040382497114678,0.04978801339911891,0.04181700822893156
iwaenc_repro,noise_trained,"Baseline, noise-trained",VoiceHome2,VoiceHome2,20,constant,0.8089680586137838,0.8080294214903812,0.8099066957371865,2.040382497114678,0.04978801339911891,0.04181700822893156
iwaenc_repro,noise_trained,"Baseline, noise-trained",VoiceHome2,VoiceHome2,20,affine,0.8274576812835053,0.8259974523514615,0.8289179102155491,2.040382497114678,0.04978801339911891,0.04181700822893156
iwaenc_repro,noise_trained,"Baseline, noise-trained",VoiceHome2,VoiceHome2,20,offset,1.6782574535360077,1.674497144270948,1.6820177628010675,2.040382497114678,0.04978801339911891,0.04181700822893156
iwaenc_repro,noise_trained,"Baseline, noise-trained",VoiceHome2,VoiceHome2,20,scale,1.091373263696834,1.0900393286504544,1.0927071987432138,2.040382497114678,0.04978801339911891,0.04181700822893156
iwaenc_repro,noise_trained,"Baseline, noise-trained",VoiceHome2,VoiceHome2,20,log-affine,0.8192946260816673,0.8181147470527661,0.8204745051105684,2.040382497114678,0.04978801339911891,0.04181700822893156
iwaenc_repro,noise_trained,"Baseline, noise-trained",VoiceHome2,VoiceHome2,20,shrink,0.8180100952110194,0.8167858904626485,0.8192342999593903,2.040382497114678,0.04978801339911891,0.04181700822893156
iwaenc_repro,noise_trained,"Baseline, noise-trained",VoiceHome2,VoiceHome2,50,constant,0.8008471010957744,0.8003605103679025,0.8013336918236463,2.040382497114678,0.04978801339911891,0.04181700822893156
iwaenc_repro,noise_trained,"Baseline, noise-trained",VoiceHome2,VoiceHome2,50,affine,0.8069119195210005,0.8062739134549647,0.8075499255870363,2.040382497114678,0.04978801339911891,0.04181700822893156
iwaenc_repro,noise_trained,"Baseline, noise-trained",VoiceHome2,VoiceHome2,50,offset,1.6600131760883592,1.6578576342058018,1.6621687179709166,2.040382497114678,0.04978801339911891,0.04181700822893156
iwaenc_repro,noise_trained,"Baseline, noise-trained",VoiceHome2,VoiceHome2,50,scale,1.0766963193797905,1.0761885801428939,1.077204058616687,2.040382497114678,0.04978801339911891,0.04181700822893156
iwaenc_repro,noise_trained,"Baseline, noise-trained",VoiceHome2,VoiceHome2,50,log-affine,0.80222962200721,0.801711876646081,0.8027473673683391,2.040382497114678,0.04978801339911891,0.04181700822893156
iwaenc_repro,noise_trained,"Baseline, noise-trained",VoiceHome2,VoiceHome2,50,shrink,0.8038185958052695,0.8032559027755841,0.8043812888349549,2.040382497114678,0.04978801339911891,0.04181700822893156
iwaenc_repro,noise_trained,"Baseline, noise-trained",STARS23,STARS23,5,constant,0.4628531910088119,0.45625515381894743,0.46945122819867635,2.786662861999798,-0.04857987362205034,-0.06483727797454412
iwaenc_repro,noise_trained,"Baseline, noise-trained",STARS23,STARS23,5,affine,0.520346939494719,0.5113238849951955,0.5293699939942424,2.786662861999798,-0.04857987362205034,-0.06483727797454412
iwaenc_repro,noise_trained,"Baseline, noise-trained",STARS23,STARS23,5,offset,1.9342539086210035,1.9167338590396474,1.9517739582023597,2.786662861999798,-0.04857987362205034,-0.06483727797454412
iwaenc_repro,noise_trained,"Baseline, noise-trained",STARS23,STARS23,5,scale,0.8853770393961585,0.8781606902410849,0.8925933885512322,2.786662861999798,-0.04857987362205034,-0.06483727797454412
iwaenc_repro,noise_trained,"Baseline, noise-trained",STARS23,STARS23,5,log-affine,0.5697826685142541,0.5511451966319213,0.5884201403965869,2.786662861999798,-0.04857987362205034,-0.06483727797454412
iwaenc_repro,noise_trained,"Baseline, noise-trained",STARS23,STARS23,5,shrink,0.4898990765932067,0.48221834181823514,0.49757981136817825,2.786662861999798,-0.04857987362205034,-0.06483727797454412
iwaenc_repro,noise_trained,"Baseline, noise-trained",STARS23,STARS23,10,constant,0.4524429283400037,0.4477777943402147,0.45710806233979273,2.786662861999798,-0.04857987362205034,-0.06483727797454412
iwaenc_repro,noise_trained,"Baseline, noise-trained",STARS23,STARS23,10,affine,0.46426278601111,0.45964184585816886,0.4688837261640511,2.786662861999798,-0.04857987362205034,-0.06483727797454412
iwaenc_repro,noise_trained,"Baseline, noise-trained",STARS23,STARS23,10,offset,1.8502244313592717,1.8388996219635223,1.8615492407550212,2.786662861999798,-0.04857987362205034,-0.06483727797454412
iwaenc_repro,noise_trained,"Baseline, noise-trained",STARS23,STARS23,10,scale,0.8748106998648045,0.8695456985265237,0.8800757012030853,2.786662861999798,-0.04857987362205034,-0.06483727797454412
iwaenc_repro,noise_trained,"Baseline, noise-trained",STARS23,STARS23,10,log-affine,0.5066494107587438,0.5020909613449602,0.5112078601725274,2.786662861999798,-0.04857987362205034,-0.06483727797454412
iwaenc_repro,noise_trained,"Baseline, noise-trained",STARS23,STARS23,10,shrink,0.4571305702835943,0.4525381945003562,0.46172294606683234,2.786662861999798,-0.04857987362205034,-0.06483727797454412
iwaenc_repro,noise_trained,"Baseline, noise-trained",STARS23,STARS23,20,constant,0.45033595664842135,0.44666877091062485,0.45400314238621786,2.786662861999798,-0.04857987362205034,-0.06483727797454412
iwaenc_repro,noise_trained,"Baseline, noise-trained",STARS23,STARS23,20,affine,0.4524092991742767,0.4487633019629243,0.4560552963856291,2.786662861999798,-0.04857987362205034,-0.06483727797454412
iwaenc_repro,noise_trained,"Baseline, noise-trained",STARS23,STARS23,20,offset,1.7997760567806198,1.7921042773766405,1.8074478361845991,2.786662861999798,-0.04857987362205034,-0.06483727797454412
iwaenc_repro,noise_trained,"Baseline, noise-trained",STARS23,STARS23,20,scale,0.8700414480725729,0.8662174941091085,0.8738654020360372,2.786662861999798,-0.04857987362205034,-0.06483727797454412
iwaenc_repro,noise_trained,"Baseline, noise-trained",STARS23,STARS23,20,log-affine,0.5011673494069212,0.49754314052474286,0.5047915582890995,2.786662861999798,-0.04857987362205034,-0.06483727797454412
iwaenc_repro,noise_trained,"Baseline, noise-trained",STARS23,STARS23,20,shrink,0.45075994167690453,0.44711855148388013,0.4544013318699289,2.786662861999798,-0.04857987362205034,-0.06483727797454412
iwaenc_repro,noise_trained,"Baseline, noise-trained",STARS23,STARS23,50,constant,0.4460845968285518,0.4439635320461183,0.44820566161098524,2.786662861999798,-0.04857987362205034,-0.06483727797454412
iwaenc_repro,noise_trained,"Baseline, noise-trained",STARS23,STARS23,50,affine,0.44359530361961347,0.44142780258088016,0.4457628046583468,2.786662861999798,-0.04857987362205034,-0.06483727797454412
iwaenc_repro,noise_trained,"Baseline, noise-trained",STARS23,STARS23,50,offset,1.7822845638280027,1.7775167085565913,1.7870524190994141,2.786662861999798,-0.04857987362205034,-0.06483727797454412
iwaenc_repro,noise_trained,"Baseline, noise-trained",STARS23,STARS23,50,scale,0.8733725966957877,0.8708550133780315,0.8758901800135439,2.786662861999798,-0.04857987362205034,-0.06483727797454412
iwaenc_repro,noise_trained,"Baseline, noise-trained",STARS23,STARS23,50,log-affine,0.4957918398671403,0.4936939952008556,0.497889684533425,2.786662861999798,-0.04857987362205034,-0.06483727797454412
iwaenc_repro,noise_trained,"Baseline, noise-trained",STARS23,STARS23,50,shrink,0.4441519577452419,0.44201264924507533,0.4462912662454085,2.786662861999798,-0.04857987362205034,-0.06483727797454412
iwaenc_repro,noise_trained,"Baseline, noise-trained",QMUL_clean,"QMUL-TIMIT, clean",5,constant,3.193784192828072,3.173309374371407,3.2142590112847373,7.301097227246673,0.07541330832622226,0.06250523074348387
iwaenc_repro,noise_trained,"Baseline, noise-trained",QMUL_clean,"QMUL-TIMIT, clean",5,affine,3.7342734537714715,3.689947583657577,3.778599323885366,7.301097227246673,0.07541330832622226,0.06250523074348387
iwaenc_repro,noise_trained,"Baseline, noise-trained",QMUL_clean,"QMUL-TIMIT, clean",5,offset,3.1562563592426867,3.1347957325971314,3.177716985888242,7.301097227246673,0.07541330832622226,0.06250523074348387
iwaenc_repro,noise_trained,"Baseline, noise-trained",QMUL_clean,"QMUL-TIMIT, clean",5,scale,3.495159174768841,3.473197690357459,3.5171206591802227,7.301097227246673,0.07541330832622226,0.06250523074348387
iwaenc_repro,noise_trained,"Baseline, noise-trained",QMUL_clean,"QMUL-TIMIT, clean",5,log-affine,4.248910767040118,4.023582752385928,4.474238781694308,7.301097227246673,0.07541330832622226,0.06250523074348387
iwaenc_repro,noise_trained,"Baseline, noise-trained",QMUL_clean,"QMUL-TIMIT, clean",5,shrink,3.452858844883763,3.420099953416619,3.485617736350907,7.301097227246673,0.07541330832622226,0.06250523074348387
iwaenc_repro,noise_trained,"Baseline, noise-trained",QMUL_clean,"QMUL-TIMIT, clean",10,constant,3.1064409466383194,3.0913252222111467,3.121556671065492,7.301097227246673,0.07541330832622226,0.06250523074348387
iwaenc_repro,noise_trained,"Baseline, noise-trained",QMUL_clean,"QMUL-TIMIT, clean",10,affine,3.2799658189086904,3.258953626639444,3.300978011177937,7.301097227246673,0.07541330832622226,0.06250523074348387
iwaenc_repro,noise_trained,"Baseline, noise-trained",QMUL_clean,"QMUL-TIMIT, clean",10,offset,3.0569674246167784,3.0415566419433464,3.0723782072902104,7.301097227246673,0.07541330832622226,0.06250523074348387
iwaenc_repro,noise_trained,"Baseline, noise-trained",QMUL_clean,"QMUL-TIMIT, clean",10,scale,3.3723851145561885,3.3571887773205815,3.3875814517917955,7.301097227246673,0.07541330832622226,0.06250523074348387
iwaenc_repro,noise_trained,"Baseline, noise-trained",QMUL_clean,"QMUL-TIMIT, clean",10,log-affine,3.5159381039155595,3.492602694160609,3.53927351367051,7.301097227246673,0.07541330832622226,0.06250523074348387
iwaenc_repro,noise_trained,"Baseline, noise-trained",QMUL_clean,"QMUL-TIMIT, clean",10,shrink,3.18451790042625,3.166147607173795,3.2028881936787053,7.301097227246673,0.07541330832622226,0.06250523074348387
iwaenc_repro,noise_trained,"Baseline, noise-trained",QMUL_clean,"QMUL-TIMIT, clean",20,constant,3.0462171431829312,3.0357845144094773,3.056649771956385,7.301097227246673,0.07541330832622226,0.06250523074348387
iwaenc_repro,noise_trained,"Baseline, noise-trained",QMUL_clean,"QMUL-TIMIT, clean",20,affine,3.0859312755308923,3.074668451872354,3.0971940991894304,7.301097227246673,0.07541330832622226,0.06250523074348387
iwaenc_repro,noise_trained,"Baseline, noise-trained",QMUL_clean,"QMUL-TIMIT, clean",20,offset,2.9926151165093935,2.9821264622818138,3.003103770736973,7.301097227246673,0.07541330832622226,0.06250523074348387
iwaenc_repro,noise_trained,"Baseline, noise-trained",QMUL_clean,"QMUL-TIMIT, clean",20,scale,3.2989778874886886,3.2886349599113935,3.3093208150659836,7.301097227246673,0.07541330832622226,0.06250523074348387
iwaenc_repro,noise_trained,"Baseline, noise-trained",QMUL_clean,"QMUL-TIMIT, clean",20,log-affine,3.3423213571474877,3.3284553830523524,3.356187331242623,7.301097227246673,0.07541330832622226,0.06250523074348387
iwaenc_repro,noise_trained,"Baseline, noise-trained",QMUL_clean,"QMUL-TIMIT, clean",20,shrink,3.058532051403941,3.04773140018379,3.0693327026240924,7.301097227246673,0.07541330832622226,0.06250523074348387
iwaenc_repro,noise_trained,"Baseline, noise-trained",QMUL_clean,"QMUL-TIMIT, clean",50,constant,3.021912088325783,3.0155464632550153,3.028277713396551,7.301097227246673,0.07541330832622226,0.06250523074348387
iwaenc_repro,noise_trained,"Baseline, noise-trained",QMUL_clean,"QMUL-TIMIT, clean",50,affine,3.014841145588687,3.0081044630910703,3.0215778280863037,7.301097227246673,0.07541330832622226,0.06250523074348387
iwaenc_repro,noise_trained,"Baseline, noise-trained",QMUL_clean,"QMUL-TIMIT, clean",50,offset,2.9658654040828276,2.959437719978002,2.9722930881876533,7.301097227246673,0.07541330832622226,0.06250523074348387
iwaenc_repro,noise_trained,"Baseline, noise-trained",QMUL_clean,"QMUL-TIMIT, clean",50,scale,3.2667535138102757,3.260364744843649,3.2731422827769023,7.301097227246673,0.07541330832622226,0.06250523074348387
iwaenc_repro,noise_trained,"Baseline, noise-trained",QMUL_clean,"QMUL-TIMIT, clean",50,log-affine,3.295102922656932,3.286380505009824,3.3038253403040403,7.301097227246673,0.07541330832622226,0.06250523074348387
iwaenc_repro,noise_trained,"Baseline, noise-trained",QMUL_clean,"QMUL-TIMIT, clean",50,shrink,3.0118869134114066,3.0053223520836614,3.0184514747391518,7.301097227246673,0.07541330832622226,0.06250523074348387
iwaenc_repro,noise_trained,"Baseline, noise-trained",QMUL_0dB,"QMUL-TIMIT, 0 dB",5,constant,3.22151294273765,3.1990661959014126,3.243959689573887,4.835716613266202,0.07196435470126397,0.06953902062987213
iwaenc_repro,noise_trained,"Baseline, noise-trained",QMUL_0dB,"QMUL-TIMIT, 0 dB",5,affine,3.845099266164318,3.791633531989997,3.898565000338639,4.835716613266202,0.07196435470126397,0.06953902062987213
iwaenc_repro,noise_trained,"Baseline, noise-trained",QMUL_0dB,"QMUL-TIMIT, 0 dB",5,offset,3.203550465734411,3.1833822595921313,3.2237186718766906,4.835716613266202,0.07196435470126397,0.06953902062987213
iwaenc_repro,noise_trained,"Baseline, noise-trained",QMUL_0dB,"QMUL-TIMIT, 0 dB",5,scale,3.3884089361753795,3.3692153165532477,3.4076025557975114,4.835716613266202,0.07196435470126397,0.06953902062987213
iwaenc_repro,noise_trained,"Baseline, noise-trained",QMUL_0dB,"QMUL-TIMIT, 0 dB",5,log-affine,711.919413583615,-547.589991908959,1971.428819076189,4.835716613266202,0.07196435470126397,0.06953902062987213
iwaenc_repro,noise_trained,"Baseline, noise-trained",QMUL_0dB,"QMUL-TIMIT, 0 dB",5,shrink,3.5302864648226095,3.490808921997689,3.56976400764753,4.835716613266202,0.07196435470126397,0.06953902062987213
iwaenc_repro,noise_trained,"Baseline, noise-trained",QMUL_0dB,"QMUL-TIMIT, 0 dB",10,constant,3.101341682218269,3.0860831407358478,3.1166002237006905,4.835716613266202,0.07196435470126397,0.06953902062987213
iwaenc_repro,noise_trained,"Baseline, noise-trained",QMUL_0dB,"QMUL-TIMIT, 0 dB",10,affine,3.292512463918022,3.2719695195075005,3.3130554083285437,4.835716613266202,0.07196435470126397,0.06953902062987213
iwaenc_repro,noise_trained,"Baseline, noise-trained",QMUL_0dB,"QMUL-TIMIT, 0 dB",10,offset,3.0748631372971884,3.06135451997635,3.0883717546180267,4.835716613266202,0.07196435470126397,0.06953902062987213
iwaenc_repro,noise_trained,"Baseline, noise-trained",QMUL_0dB,"QMUL-TIMIT, 0 dB",10,scale,3.2383354588981046,3.2256840817347054,3.2509868360615037,4.835716613266202,0.07196435470126397,0.06953902062987213
iwaenc_repro,noise_trained,"Baseline, noise-trained",QMUL_0dB,"QMUL-TIMIT, 0 dB",10,log-affine,3.678689677200262,3.5420593523669166,3.8153200020336073,4.835716613266202,0.07196435470126397,0.06953902062987213
iwaenc_repro,noise_trained,"Baseline, noise-trained",QMUL_0dB,"QMUL-TIMIT, 0 dB",10,shrink,3.1851856660739806,3.1675874643794213,3.20278386776854,4.835716613266202,0.07196435470126397,0.06953902062987213
iwaenc_repro,noise_trained,"Baseline, noise-trained",QMUL_0dB,"QMUL-TIMIT, 0 dB",20,constant,3.053689213378253,3.0432569059650647,3.0641215207914416,4.835716613266202,0.07196435470126397,0.06953902062987213
iwaenc_repro,noise_trained,"Baseline, noise-trained",QMUL_0dB,"QMUL-TIMIT, 0 dB",20,affine,3.10936954920504,3.0976161744034507,3.1211229240066296,4.835716613266202,0.07196435470126397,0.06953902062987213
iwaenc_repro,noise_trained,"Baseline, noise-trained",QMUL_0dB,"QMUL-TIMIT, 0 dB",20,offset,3.0227825671953714,3.013490771260196,3.0320743631305467,4.835716613266202,0.07196435470126397,0.06953902062987213
iwaenc_repro,noise_trained,"Baseline, noise-trained",QMUL_0dB,"QMUL-TIMIT, 0 dB",20,scale,3.17097121152013,3.162241280863818,3.1797011421764423,4.835716613266202,0.07196435470126397,0.06953902062987213
iwaenc_repro,noise_trained,"Baseline, noise-trained",QMUL_0dB,"QMUL-TIMIT, 0 dB",20,log-affine,3.3596147893993957,3.34496792548118,3.3742616533176113,4.835716613266202,0.07196435470126397,0.06953902062987213
iwaenc_repro,noise_trained,"Baseline, noise-trained",QMUL_0dB,"QMUL-TIMIT, 0 dB",20,shrink,3.074619911049204,3.0636653436282493,3.0855744784701584,4.835716613266202,0.07196435470126397,0.06953902062987213
iwaenc_repro,noise_trained,"Baseline, noise-trained",QMUL_0dB,"QMUL-TIMIT, 0 dB",50,constant,3.0250294562333426,3.0188939864917654,3.03116492597492,4.835716613266202,0.07196435470126397,0.06953902062987213
iwaenc_repro,noise_trained,"Baseline, noise-trained",QMUL_0dB,"QMUL-TIMIT, 0 dB",50,affine,3.0235963407653244,3.0168972096935236,3.030295471837125,4.835716613266202,0.07196435470126397,0.06953902062987213
iwaenc_repro,noise_trained,"Baseline, noise-trained",QMUL_0dB,"QMUL-TIMIT, 0 dB",50,offset,2.989210055099554,2.9838150530046907,2.9946050571944176,4.835716613266202,0.07196435470126397,0.06953902062987213
iwaenc_repro,noise_trained,"Baseline, noise-trained",QMUL_0dB,"QMUL-TIMIT, 0 dB",50,scale,3.1279873610590045,3.1230824972205435,3.1328922248974655,4.835716613266202,0.07196435470126397,0.06953902062987213
iwaenc_repro,noise_trained,"Baseline, noise-trained",QMUL_0dB,"QMUL-TIMIT, 0 dB",50,log-affine,3.2959358107242305,3.287228136143698,3.304643485304763,4.835716613266202,0.07196435470126397,0.06953902062987213
iwaenc_repro,noise_trained,"Baseline, noise-trained",QMUL_0dB,"QMUL-TIMIT, 0 dB",50,shrink,3.018484267371177,3.0120388976674453,3.024929637074909,4.835716613266202,0.07196435470126397,0.06953902062987213
full_stack,clean_trained,"Full stack, clean-trained",VoiceHome2,VoiceHome2,5,constant,0.8472551247966453,0.8441743483770849,0.8503359012162057,1.9142150833182139,0.10933295919712445,0.10200100874082392
full_stack,clean_trained,"Full stack, clean-trained",VoiceHome2,VoiceHome2,5,affine,0.9843218247673804,0.9726457798577953,0.9959978696769655,1.9142150833182139,0.10933295919712445,0.10200100874082392
full_stack,clean_trained,"Full stack, clean-trained",VoiceHome2,VoiceHome2,5,offset,1.4793408018847687,1.472378731136458,1.4863028726330794,1.9142150833182139,0.10933295919712445,0.10200100874082392
full_stack,clean_trained,"Full stack, clean-trained",VoiceHome2,VoiceHome2,5,scale,1.0354670185183281,1.0294318579274788,1.0415021791091774,1.9142150833182139,0.10933295919712445,0.10200100874082392
full_stack,clean_trained,"Full stack, clean-trained",VoiceHome2,VoiceHome2,5,log-affine,1.0598301593896096,0.9234340101484048,1.1962263086308145,1.9142150833182139,0.10933295919712445,0.10200100874082392
full_stack,clean_trained,"Full stack, clean-trained",VoiceHome2,VoiceHome2,5,shrink,0.9132509041100939,0.9052220286433073,0.9212797795768806,1.9142150833182139,0.10933295919712445,0.10200100874082392
full_stack,clean_trained,"Full stack, clean-trained",VoiceHome2,VoiceHome2,10,constant,0.8214021508517331,0.8197586754866081,0.8230456262168581,1.9142150833182139,0.10933295919712445,0.10200100874082392
full_stack,clean_trained,"Full stack, clean-trained",VoiceHome2,VoiceHome2,10,affine,0.8666000504696699,0.862905501726053,0.8702945992132869,1.9142150833182139,0.10933295919712445,0.10200100874082392
full_stack,clean_trained,"Full stack, clean-trained",VoiceHome2,VoiceHome2,10,offset,1.420334940820067,1.416893012291125,1.423776869349009,1.9142150833182139,0.10933295919712445,0.10200100874082392
full_stack,clean_trained,"Full stack, clean-trained",VoiceHome2,VoiceHome2,10,scale,0.9866270572362492,0.9838282931810997,0.9894258212913988,1.9142150833182139,0.10933295919712445,0.10200100874082392
full_stack,clean_trained,"Full stack, clean-trained",VoiceHome2,VoiceHome2,10,log-affine,0.8523842297583608,0.8486622392516818,0.8561062202650398,1.9142150833182139,0.10933295919712445,0.10200100874082392
full_stack,clean_trained,"Full stack, clean-trained",VoiceHome2,VoiceHome2,10,shrink,0.8431283201666463,0.8403404342614632,0.8459162060718294,1.9142150833182139,0.10933295919712445,0.10200100874082392
full_stack,clean_trained,"Full stack, clean-trained",VoiceHome2,VoiceHome2,20,constant,0.8086849146354036,0.8077553992699126,0.8096144300008946,1.9142150833182139,0.10933295919712445,0.10200100874082392
full_stack,clean_trained,"Full stack, clean-trained",VoiceHome2,VoiceHome2,20,affine,0.8264911693937633,0.8248911212280364,0.8280912175594902,1.9142150833182139,0.10933295919712445,0.10200100874082392
full_stack,clean_trained,"Full stack, clean-trained",VoiceHome2,VoiceHome2,20,offset,1.3895202891769474,1.3876220268730879,1.3914185514808068,1.9142150833182139,0.10933295919712445,0.10200100874082392
full_stack,clean_trained,"Full stack, clean-trained",VoiceHome2,VoiceHome2,20,scale,0.9631164187447345,0.9614777776115668,0.9647550598779022,1.9142150833182139,0.10933295919712445,0.10200100874082392
full_stack,clean_trained,"Full stack, clean-trained",VoiceHome2,VoiceHome2,20,log-affine,0.8179427369324157,0.8167668818294428,0.8191185920353886,1.9142150833182139,0.10933295919712445,0.10200100874082392
full_stack,clean_trained,"Full stack, clean-trained",VoiceHome2,VoiceHome2,20,shrink,0.8174931681391288,0.8161761367620871,0.8188101995161704,1.9142150833182139,0.10933295919712445,0.10200100874082392
full_stack,clean_trained,"Full stack, clean-trained",VoiceHome2,VoiceHome2,50,constant,0.8016153934726715,0.8011231111248607,0.8021076758204824,1.9142150833182139,0.10933295919712445,0.10200100874082392
full_stack,clean_trained,"Full stack, clean-trained",VoiceHome2,VoiceHome2,50,affine,0.8073789748345729,0.806691631163709,0.8080663185054368,1.9142150833182139,0.10933295919712445,0.10200100874082392
full_stack,clean_trained,"Full stack, clean-trained",VoiceHome2,VoiceHome2,50,offset,1.3686757946624626,1.367825185946845,1.36952640337808,1.9142150833182139,0.10933295919712445,0.10200100874082392
full_stack,clean_trained,"Full stack, clean-trained",VoiceHome2,VoiceHome2,50,scale,0.9467901557132746,0.9459963477515989,0.9475839636749503,1.9142150833182139,0.10933295919712445,0.10200100874082392
full_stack,clean_trained,"Full stack, clean-trained",VoiceHome2,VoiceHome2,50,log-affine,0.8010709658863304,0.8006100495922568,0.801531882180404,1.9142150833182139,0.10933295919712445,0.10200100874082392
full_stack,clean_trained,"Full stack, clean-trained",VoiceHome2,VoiceHome2,50,shrink,0.8042889277188724,0.8036777811686071,0.8049000742691377,1.9142150833182139,0.10933295919712445,0.10200100874082392
full_stack,clean_trained,"Full stack, clean-trained",STARS23,STARS23,5,constant,0.4659211646963712,0.459593071851434,0.47224925754130836,1.5733077367214618,-0.039438165007987684,-0.04384198110471403
full_stack,clean_trained,"Full stack, clean-trained",STARS23,STARS23,5,affine,0.5147604074092857,0.5072239761186107,0.5222968386999608,1.5733077367214618,-0.039438165007987684,-0.04384198110471403
full_stack,clean_trained,"Full stack, clean-trained",STARS23,STARS23,5,offset,1.8008797477674483,1.7801577603325214,1.8216017352023752,1.5733077367214618,-0.039438165007987684,-0.04384198110471403
full_stack,clean_trained,"Full stack, clean-trained",STARS23,STARS23,5,scale,1.0177154986311583,1.0103476585250266,1.02508333873729,1.5733077367214618,-0.039438165007987684,-0.04384198110471403
full_stack,clean_trained,"Full stack, clean-trained",STARS23,STARS23,5,log-affine,0.5908300179791425,0.5523285752354031,0.6293314607228818,1.5733077367214618,-0.039438165007987684,-0.04384198110471403
full_stack,clean_trained,"Full stack, clean-trained",STARS23,STARS23,5,shrink,0.4872166473783862,0.48040677313271,0.4940265216240624,1.5733077367214618,-0.039438165007987684,-0.04384198110471403
full_stack,clean_trained,"Full stack, clean-trained",STARS23,STARS23,10,constant,0.4523556362493861,0.44742469093272674,0.4572865815660454,1.5733077367214618,-0.039438165007987684,-0.04384198110471403
full_stack,clean_trained,"Full stack, clean-trained",STARS23,STARS23,10,affine,0.4638776777689714,0.45864328356916795,0.4691120719687748,1.5733077367214618,-0.039438165007987684,-0.04384198110471403
full_stack,clean_trained,"Full stack, clean-trained",STARS23,STARS23,10,offset,1.7196401267183923,1.7051226652434006,1.734157588193384,1.5733077367214618,-0.039438165007987684,-0.04384198110471403
full_stack,clean_trained,"Full stack, clean-trained",STARS23,STARS23,10,scale,1.0138127325644097,1.0079369829729938,1.0196884821558256,1.5733077367214618,-0.039438165007987684,-0.04384198110471403
full_stack,clean_trained,"Full stack, clean-trained",STARS23,STARS23,10,log-affine,0.5117325946669219,0.5064806744825665,0.5169845148512773,1.5733077367214618,-0.039438165007987684,-0.04384198110471403
full_stack,clean_trained,"Full stack, clean-trained",STARS23,STARS23,10,shrink,0.4567948649269678,0.45169919636690364,0.46189053348703196,1.5733077367214618,-0.039438165007987684,-0.04384198110471403
full_stack,clean_trained,"Full stack, clean-trained",STARS23,STARS23,20,constant,0.4490807548195836,0.4456159247175156,0.4525455849216516,1.5733077367214618,-0.039438165007987684,-0.04384198110471403
full_stack,clean_trained,"Full stack, clean-trained",STARS23,STARS23,20,affine,0.44653166667065786,0.44301686399742524,0.4500464693438905,1.5733077367214618,-0.039438165007987684,-0.04384198110471403
full_stack,clean_trained,"Full stack, clean-trained",STARS23,STARS23,20,offset,1.6971488544978623,1.6869360140033631,1.7073616949923616,1.5733077367214618,-0.039438165007987684,-0.04384198110471403
full_stack,clean_trained,"Full stack, clean-trained",STARS23,STARS23,20,scale,1.0218079149118953,1.0177342138201042,1.0258816160036863,1.5733077367214618,-0.039438165007987684,-0.04384198110471403
full_stack,clean_trained,"Full stack, clean-trained",STARS23,STARS23,20,log-affine,0.49703942444117616,0.4935706882643786,0.5005081606179737,1.5733077367214618,-0.039438165007987684,-0.04384198110471403
full_stack,clean_trained,"Full stack, clean-trained",STARS23,STARS23,20,shrink,0.44611786908649975,0.4426396119930062,0.4495961261799933,1.5733077367214618,-0.039438165007987684,-0.04384198110471403
full_stack,clean_trained,"Full stack, clean-trained",STARS23,STARS23,50,constant,0.4462614134974431,0.4440470260750647,0.4484758009198215,1.5733077367214618,-0.039438165007987684,-0.04384198110471403
full_stack,clean_trained,"Full stack, clean-trained",STARS23,STARS23,50,affine,0.4405211447401739,0.43815660899630826,0.44288568048403953,1.5733077367214618,-0.039438165007987684,-0.04384198110471403
full_stack,clean_trained,"Full stack, clean-trained",STARS23,STARS23,50,offset,1.670099114339936,1.6631973653932637,1.6770008632866082,1.5733077367214618,-0.039438165007987684,-0.04384198110471403
full_stack,clean_trained,"Full stack, clean-trained",STARS23,STARS23,50,scale,1.023810683092451,1.0209791247158568,1.026642241469045,1.5733077367214618,-0.039438165007987684,-0.04384198110471403
full_stack,clean_trained,"Full stack, clean-trained",STARS23,STARS23,50,log-affine,0.49347988925821595,0.49118879068590277,0.49577098783052914,1.5733077367214618,-0.039438165007987684,-0.04384198110471403
full_stack,clean_trained,"Full stack, clean-trained",STARS23,STARS23,50,shrink,0.44226205930908474,0.43997848720177446,0.444545631416395,1.5733077367214618,-0.039438165007987684,-0.04384198110471403
full_stack,clean_trained,"Full stack, clean-trained",QMUL_clean,"QMUL-TIMIT, clean",5,constant,3.2073275950414164,3.185603302806599,3.229051887276234,7.663337731317237,0.43739550239022096,0.4590860440298277
full_stack,clean_trained,"Full stack, clean-trained",QMUL_clean,"QMUL-TIMIT, clean",5,affine,3.131004405427311,3.09054328990315,3.171465520951472,7.663337731317237,0.43739550239022096,0.4590860440298277
full_stack,clean_trained,"Full stack, clean-trained",QMUL_clean,"QMUL-TIMIT, clean",5,offset,2.8423238730635996,2.8216153474104786,2.8630323987167206,7.663337731317237,0.43739550239022096,0.4590860440298277
full_stack,clean_trained,"Full stack, clean-trained",QMUL_clean,"QMUL-TIMIT, clean",5,scale,2.8386291700441104,2.8150709244042753,2.8621874156839455,7.663337731317237,0.43739550239022096,0.4590860440298277
full_stack,clean_trained,"Full stack, clean-trained",QMUL_clean,"QMUL-TIMIT, clean",5,log-affine,3.92851460999589,3.100691786105769,4.756337433886012,7.663337731317237,0.43739550239022096,0.4590860440298277
full_stack,clean_trained,"Full stack, clean-trained",QMUL_clean,"QMUL-TIMIT, clean",5,shrink,3.003848194821858,2.9726294776548485,3.035066911988867,7.663337731317237,0.43739550239022096,0.4590860440298277
full_stack,clean_trained,"Full stack, clean-trained",QMUL_clean,"QMUL-TIMIT, clean",10,constant,3.1111277367807317,3.0958721833541043,3.126383290207359,7.663337731317237,0.43739550239022096,0.4590860440298277
full_stack,clean_trained,"Full stack, clean-trained",QMUL_clean,"QMUL-TIMIT, clean",10,affine,2.694455264453839,2.6766124725923666,2.712298056315311,7.663337731317237,0.43739550239022096,0.4590860440298277
full_stack,clean_trained,"Full stack, clean-trained",QMUL_clean,"QMUL-TIMIT, clean",10,offset,2.7399486305727607,2.725497708939187,2.7543995522063343,7.663337731317237,0.43739550239022096,0.4590860440298277
full_stack,clean_trained,"Full stack, clean-trained",QMUL_clean,"QMUL-TIMIT, clean",10,scale,2.7010902328177155,2.6859883594717777,2.7161921061636534,7.663337731317237,0.43739550239022096,0.4590860440298277
full_stack,clean_trained,"Full stack, clean-trained",QMUL_clean,"QMUL-TIMIT, clean",10,log-affine,2.8596549780389178,2.8380929268543933,2.8812170292234422,7.663337731317237,0.43739550239022096,0.4590860440298277
full_stack,clean_trained,"Full stack, clean-trained",QMUL_clean,"QMUL-TIMIT, clean",10,shrink,2.726395735417227,2.7089983658143546,2.743793105020099,7.663337731317237,0.43739550239022096,0.4590860440298277
full_stack,clean_trained,"Full stack, clean-trained",QMUL_clean,"QMUL-TIMIT, clean",20,constant,3.043728720837611,3.033504967060428,3.0539524746147944,7.663337731317237,0.43739550239022096,0.4590860440298277
full_stack,clean_trained,"Full stack, clean-trained",QMUL_clean,"QMUL-TIMIT, clean",20,affine,2.5153402346804774,2.5040094365442673,2.5266710328166875,7.663337731317237,0.43739550239022096,0.4590860440298277
full_stack,clean_trained,"Full stack, clean-trained",QMUL_clean,"QMUL-TIMIT, clean",20,offset,2.67138327471734,2.6614394505263466,2.6813270989083335,7.663337731317237,0.43739550239022096,0.4590860440298277
full_stack,clean_trained,"Full stack, clean-trained",QMUL_clean,"QMUL-TIMIT, clean",20,scale,2.6013228773075037,2.59102906602734,2.6116166885876675,7.663337731317237,0.43739550239022096,0.4590860440298277
full_stack,clean_trained,"Full stack, clean-trained",QMUL_clean,"QMUL-TIMIT, clean",20,log-affine,2.6702276375844467,2.6564285544836714,2.684026720685222,7.663337731317237,0.43739550239022096,0.4590860440298277
full_stack,clean_trained,"Full stack, clean-trained",QMUL_clean,"QMUL-TIMIT, clean",20,shrink,2.5689417868771844,2.5566664594453212,2.5812171143090477,7.663337731317237,0.43739550239022096,0.4590860440298277
full_stack,clean_trained,"Full stack, clean-trained",QMUL_clean,"QMUL-TIMIT, clean",50,constant,3.027184269775638,3.0207616618923194,3.0336068776589564,7.663337731317237,0.43739550239022096,0.4590860440298277
full_stack,clean_trained,"Full stack, clean-trained",QMUL_clean,"QMUL-TIMIT, clean",50,affine,2.437690675331818,2.4304499836495403,2.4449313670140955,7.663337731317237,0.43739550239022096,0.4590860440298277
full_stack,clean_trained,"Full stack, clean-trained",QMUL_clean,"QMUL-TIMIT, clean",50,offset,2.6513079088974085,2.6451285563983475,2.6574872613964695,7.663337731317237,0.43739550239022096,0.4590860440298277
full_stack,clean_trained,"Full stack, clean-trained",QMUL_clean,"QMUL-TIMIT, clean",50,scale,2.557888320880428,2.5515511315765376,2.5642255101843188,7.663337731317237,0.43739550239022096,0.4590860440298277
full_stack,clean_trained,"Full stack, clean-trained",QMUL_clean,"QMUL-TIMIT, clean",50,log-affine,2.59633969307405,2.5873592657070077,2.6053201204410925,7.663337731317237,0.43739550239022096,0.4590860440298277
full_stack,clean_trained,"Full stack, clean-trained",QMUL_clean,"QMUL-TIMIT, clean",50,shrink,2.4714204284683463,2.4634366244597095,2.479404232476983,7.663337731317237,0.43739550239022096,0.4590860440298277
full_stack,clean_trained,"Full stack, clean-trained",QMUL_0dB,"QMUL-TIMIT, 0 dB",5,constant,3.2155165883473993,3.192958253872279,3.2380749228225194,6.177597844998042,0.24327112332616413,0.2425612087396236
full_stack,clean_trained,"Full stack, clean-trained",QMUL_0dB,"QMUL-TIMIT, 0 dB",5,affine,3.46815988630556,3.424289069408687,3.512030703202433,6.177597844998042,0.24327112332616413,0.2425612087396236
full_stack,clean_trained,"Full stack, clean-trained",QMUL_0dB,"QMUL-TIMIT, 0 dB",5,offset,3.0020378747296155,2.981860354380318,3.022215395078913,6.177597844998042,0.24327112332616413,0.2425612087396236
full_stack,clean_trained,"Full stack, clean-trained",QMUL_0dB,"QMUL-TIMIT, 0 dB",5,scale,3.1524925897476335,3.12766438594058,3.1773207935546868,6.177597844998042,0.24327112332616413,0.2425612087396236
full_stack,clean_trained,"Full stack, clean-trained",QMUL_0dB,"QMUL-TIMIT, 0 dB",5,log-affine,3.84323841054946,3.7154892055637783,3.970987615535142,6.177597844998042,0.24327112332616413,0.2425612087396236
full_stack,clean_trained,"Full stack, clean-trained",QMUL_0dB,"QMUL-TIMIT, 0 dB",5,shrink,3.2919541600104174,3.2592345970357934,3.3246737229850414,6.177597844998042,0.24327112332616413,0.2425612087396236
full_stack,clean_trained,"Full stack, clean-trained",QMUL_0dB,"QMUL-TIMIT, 0 dB",10,constant,3.1011723546985346,3.0860271417638994,3.11631756763317,6.177597844998042,0.24327112332616413,0.2425612087396236
full_stack,clean_trained,"Full stack, clean-trained",QMUL_0dB,"QMUL-TIMIT, 0 dB",10,affine,3.0261648017990983,3.008511742071176,3.0438178615270206,6.177597844998042,0.24327112332616413,0.2425612087396236
full_stack,clean_trained,"Full stack, clean-trained",QMUL_0dB,"QMUL-TIMIT, 0 dB",10,offset,2.876319291966862,2.863403202804401,2.8892353811293225,6.177597844998042,0.24327112332616413,0.2425612087396236
full_stack,clean_trained,"Full stack, clean-trained",QMUL_0dB,"QMUL-TIMIT, 0 dB",10,scale,2.959226876268686,2.9441435037988897,2.9743102487384827,6.177597844998042,0.24327112332616413,0.2425612087396236
full_stack,clean_trained,"Full stack, clean-trained",QMUL_0dB,"QMUL-TIMIT, 0 dB",10,log-affine,3.219558325175126,3.197712160952669,3.241404489397583,6.177597844998042,0.24327112332616413,0.2425612087396236
full_stack,clean_trained,"Full stack, clean-trained",QMUL_0dB,"QMUL-TIMIT, 0 dB",10,shrink,3.0167129905940913,3.0008556811173253,3.0325703000708573,6.177597844998042,0.24327112332616413,0.2425612087396236
full_stack,clean_trained,"Full stack, clean-trained",QMUL_0dB,"QMUL-TIMIT, 0 dB",20,constant,3.0453370072642967,3.0352735313333286,3.055400483195265,6.177597844998042,0.24327112332616413,0.2425612087396236
full_stack,clean_trained,"Full stack, clean-trained",QMUL_0dB,"QMUL-TIMIT, 0 dB",20,affine,2.8798760191148087,2.8686447933825967,2.8911072448470208,6.177597844998042,0.24327112332616413,0.2425612087396236
full_stack,clean_trained,"Full stack, clean-trained",QMUL_0dB,"QMUL-TIMIT, 0 dB",20,offset,2.816927144307627,2.807815962734105,2.826038325881149,6.177597844998042,0.24327112332616413,0.2425612087396236
full_stack,clean_trained,"Full stack, clean-trained",QMUL_0dB,"QMUL-TIMIT, 0 dB",20,scale,2.8665417626904,2.85632743169845,2.8767560936823497,6.177597844998042,0.24327112332616413,0.2425612087396236
full_stack,clean_trained,"Full stack, clean-trained",QMUL_0dB,"QMUL-TIMIT, 0 dB",20,log-affine,3.078054865428496,3.0636658746520995,3.092443856204892,6.177597844998042,0.24327112332616413,0.2425612087396236
full_stack,clean_trained,"Full stack, clean-trained",QMUL_0dB,"QMUL-TIMIT, 0 dB",20,shrink,2.911550825015828,2.900684547122526,2.9224171029091304,6.177597844998042,0.24327112332616413,0.2425612087396236
full_stack,clean_trained,"Full stack, clean-trained",QMUL_0dB,"QMUL-TIMIT, 0 dB",50,constant,3.016576166629191,3.0100656944053994,3.0230866388529827,6.177597844998042,0.24327112332616413,0.2425612087396236
full_stack,clean_trained,"Full stack, clean-trained",QMUL_0dB,"QMUL-TIMIT, 0 dB",50,affine,2.820508307409087,2.813580405010649,2.8274362098075247,6.177597844998042,0.24327112332616413,0.2425612087396236
full_stack,clean_trained,"Full stack, clean-trained",QMUL_0dB,"QMUL-TIMIT, 0 dB",50,offset,2.783015301560374,2.777288156668408,2.7887424464523396,6.177597844998042,0.24327112332616413,0.2425612087396236
full_stack,clean_trained,"Full stack, clean-trained",QMUL_0dB,"QMUL-TIMIT, 0 dB",50,scale,2.813667751164164,2.80764225975309,2.8196932425752377,6.177597844998042,0.24327112332616413,0.2425612087396236
full_stack,clean_trained,"Full stack, clean-trained",QMUL_0dB,"QMUL-TIMIT, 0 dB",50,log-affine,3.03106384637937,3.0219012451151714,3.040226447643569,6.177597844998042,0.24327112332616413,0.2425612087396236
full_stack,clean_trained,"Full stack, clean-trained",QMUL_0dB,"QMUL-TIMIT, 0 dB",50,shrink,2.8561542875881085,2.849022259539574,2.863286315636643,6.177597844998042,0.24327112332616413,0.2425612087396236
full_stack,noise_trained,"Full stack, noise-trained",VoiceHome2,VoiceHome2,5,constant,0.8515537497750374,0.8481762984491141,0.8549312011009607,1.7947709260738058,0.058545985492964525,0.058724881817755384
full_stack,noise_trained,"Full stack, noise-trained",VoiceHome2,VoiceHome2,5,affine,0.9952379941048025,0.9829739463254088,1.0075020418841962,1.7947709260738058,0.058545985492964525,0.058724881817755384
full_stack,noise_trained,"Full stack, noise-trained",VoiceHome2,VoiceHome2,5,offset,1.683935287615763,1.6750299387265026,1.6928406365050233,1.7947709260738058,0.058545985492964525,0.058724881817755384
full_stack,noise_trained,"Full stack, noise-trained",VoiceHome2,VoiceHome2,5,scale,1.173486516015924,1.1667618175410754,1.1802112144907726,1.7947709260738058,0.058545985492964525,0.058724881817755384
full_stack,noise_trained,"Full stack, noise-trained",VoiceHome2,VoiceHome2,5,log-affine,0.9985286112344367,0.9668446025182198,1.0302126199506536,1.7947709260738058,0.058545985492964525,0.058724881817755384
full_stack,noise_trained,"Full stack, noise-trained",VoiceHome2,VoiceHome2,5,shrink,0.9237764410615534,0.915513048385066,0.9320398337380409,1.7947709260738058,0.058545985492964525,0.058724881817755384
full_stack,noise_trained,"Full stack, noise-trained",VoiceHome2,VoiceHome2,10,constant,0.8218536718334565,0.820193902914469,0.8235134407524439,1.7947709260738058,0.058545985492964525,0.058724881817755384
full_stack,noise_trained,"Full stack, noise-trained",VoiceHome2,VoiceHome2,10,affine,0.8674770265325512,0.8639242795025466,0.8710297735625558,1.7947709260738058,0.058545985492964525,0.058724881817755384
full_stack,noise_trained,"Full stack, noise-trained",VoiceHome2,VoiceHome2,10,offset,1.612959055473184,1.607757906579386,1.618160204366982,1.7947709260738058,0.058545985492964525,0.058724881817755384
full_stack,noise_trained,"Full stack, noise-trained",VoiceHome2,VoiceHome2,10,scale,1.114953307157951,1.1120241662936183,1.1178824480222835,1.7947709260738058,0.058545985492964525,0.058724881817755384
full_stack,noise_trained,"Full stack, noise-trained",VoiceHome2,VoiceHome2,10,log-affine,0.8532382038783582,0.8503117246099485,0.856164683146768,1.7947709260738058,0.058545985492964525,0.058724881817755384
full_stack,noise_trained,"Full stack, noise-trained",VoiceHome2,VoiceHome2,10,shrink,0.843743271229753,0.841049182629916,0.84643735982959,1.7947709260738058,0.058545985492964525,0.058724881817755384
full_stack,noise_trained,"Full stack, noise-trained",VoiceHome2,VoiceHome2,20,constant,0.8091590994305154,0.808227263802713,0.8100909350583179,1.7947709260738058,0.058545985492964525,0.058724881817755384
full_stack,noise_trained,"Full stack, noise-trained",VoiceHome2,VoiceHome2,20,affine,0.8270189386005591,0.8255377514732197,0.8285001257278984,1.7947709260738058,0.058545985492964525,0.058724881817755384
full_stack,noise_trained,"Full stack, noise-trained",VoiceHome2,VoiceHome2,20,offset,1.580191066393787,1.5769307989321322,1.583451333855442,1.7947709260738058,0.058545985492964525,0.058724881817755384
full_stack,noise_trained,"Full stack, noise-trained",VoiceHome2,VoiceHome2,20,scale,1.0900465530410275,1.088576858333598,1.091516247748457,1.7947709260738058,0.058545985492964525,0.058724881817755384
full_stack,noise_trained,"Full stack, noise-trained",VoiceHome2,VoiceHome2,20,log-affine,0.8185452407079681,0.8173792643903111,0.8197112170256251,1.7947709260738058,0.058545985492964525,0.058724881817755384
full_stack,noise_trained,"Full stack, noise-trained",VoiceHome2,VoiceHome2,20,shrink,0.8174188403306221,0.8161946178827746,0.8186430627784695,1.7947709260738058,0.058545985492964525,0.058724881817755384
full_stack,noise_trained,"Full stack, noise-trained",VoiceHome2,VoiceHome2,50,constant,0.8009992398796866,0.8004955157693388,0.8015029639900344,1.7947709260738058,0.058545985492964525,0.058724881817755384
full_stack,noise_trained,"Full stack, noise-trained",VoiceHome2,VoiceHome2,50,affine,0.8068749070523421,0.8062019514169136,0.8075478626877706,1.7947709260738058,0.058545985492964525,0.058724881817755384
full_stack,noise_trained,"Full stack, noise-trained",VoiceHome2,VoiceHome2,50,offset,1.5556145685544993,1.5538533989172707,1.557375738191728,1.7947709260738058,0.058545985492964525,0.058724881817755384
full_stack,noise_trained,"Full stack, noise-trained",VoiceHome2,VoiceHome2,50,scale,1.0745858650378906,1.0740780011847353,1.0750937288910458,1.7947709260738058,0.058545985492964525,0.058724881817755384
full_stack,noise_trained,"Full stack, noise-trained",VoiceHome2,VoiceHome2,50,log-affine,0.8017536966887805,0.8012891280212524,0.8022182653563086,1.7947709260738058,0.058545985492964525,0.058724881817755384
full_stack,noise_trained,"Full stack, noise-trained",VoiceHome2,VoiceHome2,50,shrink,0.8037484008371919,0.8031575442244113,0.8043392574499725,1.7947709260738058,0.058545985492964525,0.058724881817755384
full_stack,noise_trained,"Full stack, noise-trained",STARS23,STARS23,5,constant,0.46544086045636246,0.4589884539533256,0.4718932669593993,1.5055859638969238,-0.05921163235249201,-0.06482905711557302
full_stack,noise_trained,"Full stack, noise-trained",STARS23,STARS23,5,affine,0.5152801024737425,0.5072622502739692,0.5232979546735157,1.5055859638969238,-0.05921163235249201,-0.06482905711557302
full_stack,noise_trained,"Full stack, noise-trained",STARS23,STARS23,5,offset,2.02760516068771,2.002566466124753,2.0526438552506674,1.5055859638969238,-0.05921163235249201,-0.06482905711557302
full_stack,noise_trained,"Full stack, noise-trained",STARS23,STARS23,5,scale,1.112201335766728,1.1043966147942057,1.1200060567392502,1.5055859638969238,-0.05921163235249201,-0.06482905711557302
full_stack,noise_trained,"Full stack, noise-trained",STARS23,STARS23,5,log-affine,0.5900477199148578,0.5651016801694243,0.6149937596602914,1.5055859638969238,-0.05921163235249201,-0.06482905711557302
full_stack,noise_trained,"Full stack, noise-trained",STARS23,STARS23,5,shrink,0.4884685713542733,0.4812883871805054,0.4956487555280412,1.5055859638969238,-0.05921163235249201,-0.06482905711557302
full_stack,noise_trained,"Full stack, noise-trained",STARS23,STARS23,10,constant,0.454370214794325,0.44962326833020916,0.4591171612584408,1.5055859638969238,-0.05921163235249201,-0.06482905711557302
full_stack,noise_trained,"Full stack, noise-trained",STARS23,STARS23,10,affine,0.4603491082214027,0.4553447098450296,0.46535350659777575,1.5055859638969238,-0.05921163235249201,-0.06482905711557302
full_stack,noise_trained,"Full stack, noise-trained",STARS23,STARS23,10,offset,1.9420001364523232,1.9250152668114966,1.9589850060931497,1.5055859638969238,-0.05921163235249201,-0.06482905711557302
full_stack,noise_trained,"Full stack, noise-trained",STARS23,STARS23,10,scale,1.1108837876010784,1.1049730589086832,1.1167945162934736,1.5055859638969238,-0.05921163235249201,-0.06482905711557302
full_stack,noise_trained,"Full stack, noise-trained",STARS23,STARS23,10,log-affine,0.5071890577327747,0.5021251347230602,0.5122529807424892,1.5055859638969238,-0.05921163235249201,-0.06482905711557302
full_stack,noise_trained,"Full stack, noise-trained",STARS23,STARS23,10,shrink,0.4547917078377593,0.4499172296874545,0.4596661859880641,1.5055859638969238,-0.05921163235249201,-0.06482905711557302
full_stack,noise_trained,"Full stack, noise-trained",STARS23,STARS23,20,constant,0.4477025285421052,0.44430491015608076,0.4511001469281296,1.5055859638969238,-0.05921163235249201,-0.06482905711557302
full_stack,noise_trained,"Full stack, noise-trained",STARS23,STARS23,20,affine,0.4428620690596732,0.4393444513244631,0.44637968679488327,1.5055859638969238,-0.05921163235249201,-0.06482905711557302
full_stack,noise_trained,"Full stack, noise-trained",STARS23,STARS23,20,offset,1.8967560413784055,1.8852112062174249,1.908300876539386,1.5055859638969238,-0.05921163235249201,-0.06482905711557302
full_stack,noise_trained,"Full stack, noise-trained",STARS23,STARS23,20,scale,1.1184608046988738,1.1141235779285057,1.1227980314692418,1.5055859638969238,-0.05921163235249201,-0.06482905711557302
full_stack,noise_trained,"Full stack, noise-trained",STARS23,STARS23,20,log-affine,0.4930181983403234,0.48957492826412713,0.49646146841651967,1.5055859638969238,-0.05921163235249201,-0.06482905711557302
full_stack,noise_trained,"Full stack, noise-trained",STARS23,STARS23,20,shrink,0.44373776303717727,0.44029992712662813,0.4471755989477264,1.5055859638969238,-0.05921163235249201,-0.06482905711557302
full_stack,noise_trained,"Full stack, noise-trained",STARS23,STARS23,50,constant,0.44882021212661793,0.44659289540489316,0.4510475288483427,1.5055859638969238,-0.05921163235249201,-0.06482905711557302
full_stack,noise_trained,"Full stack, noise-trained",STARS23,STARS23,50,affine,0.44056310368739937,0.43824621511130957,0.4428799922634892,1.5055859638969238,-0.05921163235249201,-0.06482905711557302
full_stack,noise_trained,"Full stack, noise-trained",STARS23,STARS23,50,offset,1.8774658386525198,1.8704398533757287,1.884491823929311,1.5055859638969238,-0.05921163235249201,-0.06482905711557302
full_stack,noise_trained,"Full stack, noise-trained",STARS23,STARS23,50,scale,1.1269700491495351,1.124158456672485,1.1297816416265853,1.5055859638969238,-0.05921163235249201,-0.06482905711557302
full_stack,noise_trained,"Full stack, noise-trained",STARS23,STARS23,50,log-affine,0.4921671964022371,0.4898863762918471,0.4944480165126271,1.5055859638969238,-0.05921163235249201,-0.06482905711557302
full_stack,noise_trained,"Full stack, noise-trained",STARS23,STARS23,50,shrink,0.44317803832800573,0.44092230656090264,0.4454337700951088,1.5055859638969238,-0.05921163235249201,-0.06482905711557302
full_stack,noise_trained,"Full stack, noise-trained",QMUL_clean,"QMUL-TIMIT, clean",5,constant,3.206681269592709,3.1842507192885208,3.2291118198968976,8.324116108726571,0.4617612581336073,0.5001370761982104
full_stack,noise_trained,"Full stack, noise-trained",QMUL_clean,"QMUL-TIMIT, clean",5,affine,3.0384479102817363,2.99356360184488,3.0833322187185925,8.324116108726571,0.4617612581336073,0.5001370761982104
full_stack,noise_trained,"Full stack, noise-trained",QMUL_clean,"QMUL-TIMIT, clean",5,offset,2.880683811437059,2.8581878700639876,2.903179752810131,8.324116108726571,0.4617612581336073,0.5001370761982104
full_stack,noise_trained,"Full stack, noise-trained",QMUL_clean,"QMUL-TIMIT, clean",5,scale,2.7611519629288943,2.7343806147457483,2.7879233111120403,8.324116108726571,0.4617612581336073,0.5001370761982104
full_stack,noise_trained,"Full stack, noise-trained",QMUL_clean,"QMUL-TIMIT, clean",5,log-affine,3.5050159089113158,3.3138254666810942,3.6962063511415373,8.324116108726571,0.4617612581336073,0.5001370761982104
full_stack,noise_trained,"Full stack, noise-trained",QMUL_clean,"QMUL-TIMIT, clean",5,shrink,2.917261650035617,2.8827570455834386,2.951766254487796,8.324116108726571,0.4617612581336073,0.5001370761982104
full_stack,noise_trained,"Full stack, noise-trained",QMUL_clean,"QMUL-TIMIT, clean",10,constant,3.094502277866823,3.078985527858561,3.110019027875085,8.324116108726571,0.4617612581336073,0.5001370761982104
full_stack,noise_trained,"Full stack, noise-trained",QMUL_clean,"QMUL-TIMIT, clean",10,affine,2.5490530750024796,2.530440774580116,2.567665375424843,8.324116108726571,0.4617612581336073,0.5001370761982104
full_stack,noise_trained,"Full stack, noise-trained",QMUL_clean,"QMUL-TIMIT, clean",10,offset,2.764296354457343,2.748649310980705,2.7799433979339807,8.324116108726571,0.4617612581336073,0.5001370761982104
full_stack,noise_trained,"Full stack, noise-trained",QMUL_clean,"QMUL-TIMIT, clean",10,scale,2.6103510242982337,2.591470525745914,2.6292315228505534,8.324116108726571,0.4617612581336073,0.5001370761982104
full_stack,noise_trained,"Full stack, noise-trained",QMUL_clean,"QMUL-TIMIT, clean",10,log-affine,2.7279057666878153,2.705396248062563,2.7504152853130677,8.324116108726571,0.4617612581336073,0.5001370761982104
full_stack,noise_trained,"Full stack, noise-trained",QMUL_clean,"QMUL-TIMIT, clean",10,shrink,2.598967123782744,2.580479299617962,2.617454947947526,8.324116108726571,0.4617612581336073,0.5001370761982104
full_stack,noise_trained,"Full stack, noise-trained",QMUL_clean,"QMUL-TIMIT, clean",20,constant,3.0563006777043698,3.045833539979985,3.0667678154287543,8.324116108726571,0.4617612581336073,0.5001370761982104
full_stack,noise_trained,"Full stack, noise-trained",QMUL_clean,"QMUL-TIMIT, clean",20,affine,2.3842823032784843,2.371316362425146,2.3972482441318226,8.324116108726571,0.4617612581336073,0.5001370761982104
full_stack,noise_trained,"Full stack, noise-trained",QMUL_clean,"QMUL-TIMIT, clean",20,offset,2.7201613083876284,2.709397486505165,2.7309251302700916,8.324116108726571,0.4617612581336073,0.5001370761982104
full_stack,noise_trained,"Full stack, noise-trained",QMUL_clean,"QMUL-TIMIT, clean",20,scale,2.522340248881294,2.508633711499047,2.536046786263541,8.324116108726571,0.4617612581336073,0.5001370761982104
full_stack,noise_trained,"Full stack, noise-trained",QMUL_clean,"QMUL-TIMIT, clean",20,log-affine,2.5438599389741716,2.5286374247274073,2.559082453220936,8.324116108726571,0.4617612581336073,0.5001370761982104
full_stack,noise_trained,"Full stack, noise-trained",QMUL_clean,"QMUL-TIMIT, clean",20,shrink,2.4488559554477014,2.4344553039282624,2.4632566069671404,8.324116108726571,0.4617612581336073,0.5001370761982104
full_stack,noise_trained,"Full stack, noise-trained",QMUL_clean,"QMUL-TIMIT, clean",50,constant,3.0220113223509966,3.015852972405542,3.028169672296451,8.324116108726571,0.4617612581336073,0.5001370761982104
full_stack,noise_trained,"Full stack, noise-trained",QMUL_clean,"QMUL-TIMIT, clean",50,affine,2.2971985049424335,2.289366304433304,2.305030705451563,8.324116108726571,0.4617612581336073,0.5001370761982104
full_stack,noise_trained,"Full stack, noise-trained",QMUL_clean,"QMUL-TIMIT, clean",50,offset,2.6846299161485456,2.6785307786753743,2.690729053621717,8.324116108726571,0.4617612581336073,0.5001370761982104
full_stack,noise_trained,"Full stack, noise-trained",QMUL_clean,"QMUL-TIMIT, clean",50,scale,2.474920690253793,2.4672552486942436,2.482586131813342,8.324116108726571,0.4617612581336073,0.5001370761982104
full_stack,noise_trained,"Full stack, noise-trained",QMUL_clean,"QMUL-TIMIT, clean",50,log-affine,2.44844450028892,2.439558612505297,2.457330388072543,8.324116108726571,0.4617612581336073,0.5001370761982104
full_stack,noise_trained,"Full stack, noise-trained",QMUL_clean,"QMUL-TIMIT, clean",50,shrink,2.332615361836568,2.3239772097325533,2.3412535139405826,8.324116108726571,0.4617612581336073,0.5001370761982104
full_stack,noise_trained,"Full stack, noise-trained",QMUL_0dB,"QMUL-TIMIT, 0 dB",5,constant,3.209585431741432,3.187577372523134,3.2315934909597304,5.615304089630091,0.34726694728813473,0.34007164723629757
full_stack,noise_trained,"Full stack, noise-trained",QMUL_0dB,"QMUL-TIMIT, 0 dB",5,affine,3.7400711913685787,3.6751426880149074,3.80499969472225,5.615304089630091,0.34726694728813473,0.34007164723629757
full_stack,noise_trained,"Full stack, noise-trained",QMUL_0dB,"QMUL-TIMIT, 0 dB",5,offset,2.880871858179763,2.8641467790229593,2.897596937336567,5.615304089630091,0.34726694728813473,0.34007164723629757
full_stack,noise_trained,"Full stack, noise-trained",QMUL_0dB,"QMUL-TIMIT, 0 dB",5,scale,3.172272226924596,3.1519269731736532,3.1926174806755387,5.615304089630091,0.34726694728813473,0.34007164723629757
full_stack,noise_trained,"Full stack, noise-trained",QMUL_0dB,"QMUL-TIMIT, 0 dB",5,log-affine,47.82648728659877,-36.71069662074812,132.36367119394566,5.615304089630091,0.34726694728813473,0.34007164723629757
full_stack,noise_trained,"Full stack, noise-trained",QMUL_0dB,"QMUL-TIMIT, 0 dB",5,shrink,3.3763226414287546,3.329617761602947,3.423027521254562,5.615304089630091,0.34726694728813473,0.34007164723629757
full_stack,noise_trained,"Full stack, noise-trained",QMUL_0dB,"QMUL-TIMIT, 0 dB",10,constant,3.104427043963185,3.0898420592809006,3.1190120286454692,5.615304089630091,0.34726694728813473,0.34007164723629757
full_stack,noise_trained,"Full stack, noise-trained",QMUL_0dB,"QMUL-TIMIT, 0 dB",10,affine,3.0535676265525664,3.033258492054197,3.073876761050936,5.615304089630091,0.34726694728813473,0.34007164723629757
full_stack,noise_trained,"Full stack, noise-trained",QMUL_0dB,"QMUL-TIMIT, 0 dB",10,offset,2.7646864452816646,2.7547444430935775,2.774628447469752,5.615304089630091,0.34726694728813473,0.34007164723629757
full_stack,noise_trained,"Full stack, noise-trained",QMUL_0dB,"QMUL-TIMIT, 0 dB",10,scale,2.9796985366919375,2.9690762570417344,2.9903208163421406,5.615304089630091,0.34726694728813473,0.34007164723629757
full_stack,noise_trained,"Full stack, noise-trained",QMUL_0dB,"QMUL-TIMIT, 0 dB",10,log-affine,3.222345970914589,3.1959056688203775,3.2487862730088004,5.615304089630091,0.34726694728813473,0.34007164723629757
full_stack,noise_trained,"Full stack, noise-trained",QMUL_0dB,"QMUL-TIMIT, 0 dB",10,shrink,2.9751399981137974,2.959290148574507,2.9909898476530876,5.615304089630091,0.34726694728813473,0.34007164723629757
full_stack,noise_trained,"Full stack, noise-trained",QMUL_0dB,"QMUL-TIMIT, 0 dB",20,constant,3.049601130167643,3.03972002332333,3.059482237011956,5.615304089630091,0.34726694728813473,0.34007164723629757
full_stack,noise_trained,"Full stack, noise-trained",QMUL_0dB,"QMUL-TIMIT, 0 dB",20,affine,2.820798094706053,2.8106727737684483,2.830923415643658,5.615304089630091,0.34726694728813473,0.34007164723629757
full_stack,noise_trained,"Full stack, noise-trained",QMUL_0dB,"QMUL-TIMIT, 0 dB",20,offset,2.703638701576114,2.697085479071947,2.7101919240802808,5.615304089630091,0.34726694728813473,0.34007164723629757
full_stack,noise_trained,"Full stack, noise-trained",QMUL_0dB,"QMUL-TIMIT, 0 dB",20,scale,2.878389276577845,2.8726062235471757,2.884172329608514,5.615304089630091,0.34726694728813473,0.34007164723629757
full_stack,noise_trained,"Full stack, noise-trained",QMUL_0dB,"QMUL-TIMIT, 0 dB",20,log-affine,2.978253721831851,2.9655299058868247,2.9909775377768777,5.615304089630091,0.34726694728813473,0.34007164723629757
full_stack,noise_trained,"Full stack, noise-trained",QMUL_0dB,"QMUL-TIMIT, 0 dB",20,shrink,2.8262928982854953,2.816754701710449,2.835831094860542,5.615304089630091,0.34726694728813473,0.34007164723629757
full_stack,noise_trained,"Full stack, noise-trained",QMUL_0dB,"QMUL-TIMIT, 0 dB",50,constant,3.0277172399879735,3.0211663840333602,3.0342680959425867,5.615304089630091,0.34726694728813473,0.34007164723629757
full_stack,noise_trained,"Full stack, noise-trained",QMUL_0dB,"QMUL-TIMIT, 0 dB",50,affine,2.7024915017296967,2.6974314076275214,2.707551595831872,5.615304089630091,0.34726694728813473,0.34007164723629757
full_stack,noise_trained,"Full stack, noise-trained",QMUL_0dB,"QMUL-TIMIT, 0 dB",50,offset,2.6750702243594096,2.6708674839287543,2.679272964790065,5.615304089630091,0.34726694728813473,0.34007164723629757
full_stack,noise_trained,"Full stack, noise-trained",QMUL_0dB,"QMUL-TIMIT, 0 dB",50,scale,2.819792876321938,2.8171749561555037,2.8224107964883727,5.615304089630091,0.34726694728813473,0.34007164723629757
full_stack,noise_trained,"Full stack, noise-trained",QMUL_0dB,"QMUL-TIMIT, 0 dB",50,log-affine,2.8581013758424247,2.8506589415910795,2.86554381009377,5.615304089630091,0.34726694728813473,0.34007164723629757
full_stack,noise_trained,"Full stack, noise-trained",QMUL_0dB,"QMUL-TIMIT, 0 dB",50,shrink,2.7197211972966824,2.7140157646922503,2.7254266299011145,5.615304089630091,0.34726694728813473,0.34007164723629757
