model,regime,rir_variant,test_snr,n_params,train_folds,val_folds,test_folds,test_csv,mae,rmse,mae_log_t60,mae_log_mt,mae_log_vol,rel_mae,n
iwaenc_repro,clean_trained,full,clean,650015,"2,3,4",1,0,runs_noisy/model=iwaenc_repro_regime=clean_trained_rir=full_test=0_val=1/test_results_snr_clean.csv,1.3603386681079865,1.761526541607134,,,,0.28918503901400355,500
iwaenc_repro,clean_trained,full,0dB,650015,"2,3,4",1,0,runs_noisy/model=iwaenc_repro_regime=clean_trained_rir=full_test=0_val=1/test_results_snr_0dB.csv,2.04639975976944,2.559055318520307,,,,0.42087114323719427,500
iwaenc_repro,clean_trained,full,10dB,650015,"2,3,4",1,0,runs_noisy/model=iwaenc_repro_regime=clean_trained_rir=full_test=0_val=1/test_results_snr_10dB.csv,1.6025064063072205,2.0727736600658204,,,,0.3427056497823741,500
iwaenc_repro,clean_trained,full,20dB,650015,"2,3,4",1,0,runs_noisy/model=iwaenc_repro_regime=clean_trained_rir=full_test=0_val=1/test_results_snr_20dB.csv,1.4328371841907501,1.8599434771057666,,,,0.30906326514313603,500
iwaenc_repro,clean_trained,full,clean,650015,"0,3,4",2,1,runs_noisy/model=iwaenc_repro_regime=clean_trained_rir=full_test=1_val=2/test_results_snr_clean.csv,1.2924559140205383,1.6674226407926032,,,,0.30921408544154005,500
iwaenc_repro,clean_trained,full,0dB,650015,"0,3,4",2,1,runs_noisy/model=iwaenc_repro_regime=clean_trained_rir=full_test=1_val=2/test_results_snr_0dB.csv,1.8674479386806488,2.3658857960769493,,,,0.44456627686036326,500
iwaenc_repro,clean_trained,full,10dB,650015,"0,3,4",2,1,runs_noisy/model=iwaenc_repro_regime=clean_trained_rir=full_test=1_val=2/test_results_snr_10dB.csv,1.4795680422782898,1.9300067197156687,,,,0.34943913470422827,500
iwaenc_repro,clean_trained,full,20dB,650015,"0,3,4",2,1,runs_noisy/model=iwaenc_repro_regime=clean_trained_rir=full_test=1_val=2/test_results_snr_20dB.csv,1.3164327001571656,1.7201253604559448,,,,0.31279304566562643,500
iwaenc_repro,clean_trained,full,clean,650015,"0,1,4",3,2,runs_noisy/model=iwaenc_repro_regime=clean_trained_rir=full_test=2_val=3/test_results_snr_clean.csv,1.2066509652137756,1.5530647539613198,,,,0.27687852394209456,500
iwaenc_repro,clean_trained,full,0dB,650015,"0,1,4",3,2,runs_noisy/model=iwaenc_repro_regime=clean_trained_rir=full_test=2_val=3/test_results_snr_0dB.csv,1.7981921308040618,2.2504233111230967,,,,0.4154086709901104,500
iwaenc_repro,clean_trained,full,10dB,650015,"0,1,4",3,2,runs_noisy/model=iwaenc_repro_regime=clean_trained_rir=full_test=2_val=3/test_results_snr_10dB.csv,1.3794796540737153,1.7766002819410507,,,,0.3195222880000398,500
iwaenc_repro,clean_trained,full,20dB,650015,"0,1,4",3,2,runs_noisy/model=iwaenc_repro_regime=clean_trained_rir=full_test=2_val=3/test_results_snr_20dB.csv,1.227672632932663,1.5898871596010127,,,,0.28603092728483887,500
iwaenc_repro,clean_trained,full,clean,650015,"0,1,2",4,3,runs_noisy/model=iwaenc_repro_regime=clean_trained_rir=full_test=3_val=4/test_results_snr_clean.csv,1.3604498558044433,1.7991488221494494,,,,0.2710254087942832,500
iwaenc_repro,clean_trained,full,0dB,650015,"0,1,2",4,3,runs_noisy/model=iwaenc_repro_regime=clean_trained_rir=full_test=3_val=4/test_results_snr_0dB.csv,1.7014582600593566,2.2144873165178223,,,,0.35777293619615363,500
iwaenc_repro,clean_trained,full,10dB,650015,"0,1,2",4,3,runs_noisy/model=iwaenc_repro_regime=clean_trained_rir=full_test=3_val=4/test_results_snr_10dB.csv,1.457325710773468,1.9059047148402168,,,,0.30137977488308015,500
iwaenc_repro,clean_trained,full,20dB,650015,"0,1,2",4,3,runs_noisy/model=iwaenc_repro_regime=clean_trained_rir=full_test=3_val=4/test_results_snr_20dB.csv,1.423090713739395,1.8794344461642576,,,,0.2907737994413452,500
iwaenc_repro,clean_trained,full,clean,650015,"1,2,3",0,4,runs_noisy/model=iwaenc_repro_regime=clean_trained_rir=full_test=4_val=0/test_results_snr_clean.csv,1.285342253923416,1.6690577135795686,,,,0.31106911869538706,500
iwaenc_repro,clean_trained,full,0dB,650015,"1,2,3",0,4,runs_noisy/model=iwaenc_repro_regime=clean_trained_rir=full_test=4_val=0/test_results_snr_0dB.csv,1.7339029948711395,2.2670354977247116,,,,0.38721006629002197,500
iwaenc_repro,clean_trained,full,10dB,650015,"1,2,3",0,4,runs_noisy/model=iwaenc_repro_regime=clean_trained_rir=full_test=4_val=0/test_results_snr_10dB.csv,1.4258526425361633,1.863982064978452,,,,0.33794055894553154,500
iwaenc_repro,clean_trained,full,20dB,650015,"1,2,3",0,4,runs_noisy/model=iwaenc_repro_regime=clean_trained_rir=full_test=4_val=0/test_results_snr_20dB.csv,1.3072488882541657,1.6994354728958312,,,,0.32358311696579006,500
iwaenc_repro,noise_trained,full,clean,650015,"2,3,4",1,0,runs_noisy/model=iwaenc_repro_regime=noise_trained_rir=full_test=0_val=1/test_results_snr_clean.csv,1.3454143443107605,1.7249512457538023,,,,0.26678454941997476,500
iwaenc_repro,noise_trained,full,0dB,650015,"2,3,4",1,0,runs_noisy/model=iwaenc_repro_regime=noise_trained_rir=full_test=0_val=1/test_results_snr_0dB.csv,1.5827763590812682,2.015312716176393,,,,0.33678858585060195,500
iwaenc_repro,noise_trained,full,10dB,650015,"2,3,4",1,0,runs_noisy/model=iwaenc_repro_regime=noise_trained_rir=full_test=0_val=1/test_results_snr_10dB.csv,1.3957514283657073,1.8290588106015244,,,,0.2670950660354821,500
iwaenc_repro,noise_trained,full,20dB,650015,"2,3,4",1,0,runs_noisy/model=iwaenc_repro_regime=noise_trained_rir=full_test=0_val=1/test_results_snr_20dB.csv,1.372188315153122,1.7735917370762397,,,,0.2643619526957666,500
iwaenc_repro,noise_trained,full,clean,650015,"0,3,4",2,1,runs_noisy/model=iwaenc_repro_regime=noise_trained_rir=full_test=1_val=2/test_results_snr_clean.csv,1.2539337947368623,1.6302958638318703,,,,0.27646497357296135,500
iwaenc_repro,noise_trained,full,0dB,650015,"0,3,4",2,1,runs_noisy/model=iwaenc_repro_regime=noise_trained_rir=full_test=1_val=2/test_results_snr_0dB.csv,1.379512505531311,1.7729216034548487,,,,0.3360301992432593,500
iwaenc_repro,noise_trained,full,10dB,650015,"0,3,4",2,1,runs_noisy/model=iwaenc_repro_regime=noise_trained_rir=full_test=1_val=2/test_results_snr_10dB.csv,1.3016766188144684,1.7129913591350627,,,,0.2946492635519191,500
iwaenc_repro,noise_trained,full,20dB,650015,"0,3,4",2,1,runs_noisy/model=iwaenc_repro_regime=noise_trained_rir=full_test=1_val=2/test_results_snr_20dB.csv,1.2582719309329986,1.667054320048163,,,,0.2778467943140582,500
iwaenc_repro,noise_trained,full,clean,650015,"0,1,4",3,2,runs_noisy/model=iwaenc_repro_regime=noise_trained_rir=full_test=2_val=3/test_results_snr_clean.csv,1.2269389698505402,1.5974398026384007,,,,0.24449916181420378,500
iwaenc_repro,noise_trained,full,0dB,650015,"0,1,4",3,2,runs_noisy/model=iwaenc_repro_regime=noise_trained_rir=full_test=2_val=3/test_results_snr_0dB.csv,1.3829376986026765,1.811969164280975,,,,0.2861005696074988,500
iwaenc_repro,noise_trained,full,10dB,650015,"0,1,4",3,2,runs_noisy/model=iwaenc_repro_regime=noise_trained_rir=full_test=2_val=3/test_results_snr_10dB.csv,1.2531817042827607,1.6512817272207407,,,,0.2503199369031623,500
iwaenc_repro,noise_trained,full,20dB,650015,"0,1,4",3,2,runs_noisy/model=iwaenc_repro_regime=noise_trained_rir=full_test=2_val=3/test_results_snr_20dB.csv,1.2276361181735993,1.6108125827532418,,,,0.24396550645337334,500
iwaenc_repro,noise_trained,full,clean,650015,"0,1,2",4,3,runs_noisy/model=iwaenc_repro_regime=noise_trained_rir=full_test=3_val=4/test_results_snr_clean.csv,1.3141680896282195,1.7107487080854031,,,,0.2541335026582472,500
iwaenc_repro,noise_trained,full,0dB,650015,"0,1,2",4,3,runs_noisy/model=iwaenc_repro_regime=noise_trained_rir=full_test=3_val=4/test_results_snr_0dB.csv,1.4568143229484558,1.8824090220252225,,,,0.3133748062335766,500
iwaenc_repro,noise_trained,full,10dB,650015,"0,1,2",4,3,runs_noisy/model=iwaenc_repro_regime=noise_trained_rir=full_test=3_val=4/test_results_snr_10dB.csv,1.3986985411643982,1.8016451361125108,,,,0.27977485044124045,500
iwaenc_repro,noise_trained,full,20dB,650015,"0,1,2",4,3,runs_noisy/model=iwaenc_repro_regime=noise_trained_rir=full_test=3_val=4/test_results_snr_20dB.csv,1.33314963722229,1.7252258045969846,,,,0.26005389901974024,500
iwaenc_repro,noise_trained,full,clean,650015,"1,2,3",0,4,runs_noisy/model=iwaenc_repro_regime=noise_trained_rir=full_test=4_val=0/test_results_snr_clean.csv,1.2985864989757538,1.6983142440028562,,,,0.2837797014906043,500
iwaenc_repro,noise_trained,full,0dB,650015,"1,2,3",0,4,runs_noisy/model=iwaenc_repro_regime=noise_trained_rir=full_test=4_val=0/test_results_snr_0dB.csv,1.5332411317825316,1.9757230981075369,,,,0.3594766719735404,500
iwaenc_repro,noise_trained,full,10dB,650015,"1,2,3",0,4,runs_noisy/model=iwaenc_repro_regime=noise_trained_rir=full_test=4_val=0/test_results_snr_10dB.csv,1.3630979073047638,1.7672464517768034,,,,0.30386384706244823,500
iwaenc_repro,noise_trained,full,20dB,650015,"1,2,3",0,4,runs_noisy/model=iwaenc_repro_regime=noise_trained_rir=full_test=4_val=0/test_results_snr_20dB.csv,1.3158086712360382,1.6782579992346693,,,,0.28694093722017294,500
log_dist,clean_trained,full,clean,650015,"2,3,4",1,0,runs_noisy/model=log_dist_regime=clean_trained_rir=full_test=0_val=1/test_results_snr_clean.csv,1.4855280408859253,1.9426508408012497,,,,0.2837661398322083,500
log_dist,clean_trained,full,0dB,650015,"2,3,4",1,0,runs_noisy/model=log_dist_regime=clean_trained_rir=full_test=0_val=1/test_results_snr_0dB.csv,2.166384161233902,2.788381666767768,,,,0.39606932260815936,500
log_dist,clean_trained,full,10dB,650015,"2,3,4",1,0,runs_noisy/model=log_dist_regime=clean_trained_rir=full_test=0_val=1/test_results_snr_10dB.csv,1.7387683417797088,2.302921006503996,,,,0.3178880576473412,500
log_dist,clean_trained,full,20dB,650015,"2,3,4",1,0,runs_noisy/model=log_dist_regime=clean_trained_rir=full_test=0_val=1/test_results_snr_20dB.csv,1.5734710322618484,2.070621196630059,,,,0.29752184349191885,500
log_dist,clean_trained,full,clean,650015,"0,3,4",2,1,runs_noisy/model=log_dist_regime=clean_trained_rir=full_test=1_val=2/test_results_snr_clean.csv,1.3725852015018463,1.7851953643506477,,,,0.31622346162202647,500
log_dist,clean_trained,full,0dB,650015,"0,3,4",2,1,runs_noisy/model=log_dist_regime=clean_trained_rir=full_test=1_val=2/test_results_snr_0dB.csv,2.0162721445560456,2.536934871473585,,,,0.470194493302321,500
log_dist,clean_trained,full,10dB,650015,"0,3,4",2,1,runs_noisy/model=log_dist_regime=clean_trained_rir=full_test=1_val=2/test_results_snr_10dB.csv,1.5731916184425354,2.028673190084408,,,,0.37530620091158495,500
log_dist,clean_trained,full,20dB,650015,"0,3,4",2,1,runs_noisy/model=log_dist_regime=clean_trained_rir=full_test=1_val=2/test_results_snr_20dB.csv,1.398815803527832,1.829955469262297,,,,0.3355340556225524,500
log_dist,clean_trained,full,clean,650015,"0,1,4",3,2,runs_noisy/model=log_dist_regime=clean_trained_rir=full_test=2_val=3/test_results_snr_clean.csv,1.2311532572507857,1.6597029663442067,,,,0.2470056896457581,500
log_dist,clean_trained,full,0dB,650015,"0,1,4",3,2,runs_noisy/model=log_dist_regime=clean_trained_rir=full_test=2_val=3/test_results_snr_0dB.csv,1.9221025857925416,2.4632933616324553,,,,0.4074878513768973,500
log_dist,clean_trained,full,10dB,650015,"0,1,4",3,2,runs_noisy/model=log_dist_regime=clean_trained_rir=full_test=2_val=3/test_results_snr_10dB.csv,1.5609623799324035,2.0120174116096274,,,,0.32521777712306327,500
log_dist,clean_trained,full,20dB,650015,"0,1,4",3,2,runs_noisy/model=log_dist_regime=clean_trained_rir=full_test=2_val=3/test_results_snr_20dB.csv,1.354269371509552,1.7955760688929654,,,,0.271493764238465,500
log_dist,clean_trained,full,clean,650015,"0,1,2",4,3,runs_noisy/model=log_dist_regime=clean_trained_rir=full_test=3_val=4/test_results_snr_clean.csv,1.4648295345306397,1.9178115519294328,,,,0.28519965127458236,500
log_dist,clean_trained,full,0dB,650015,"0,1,2",4,3,runs_noisy/model=log_dist_regime=clean_trained_rir=full_test=3_val=4/test_results_snr_0dB.csv,2.0615222661495207,2.683287953641922,,,,0.3615091589429333,500
log_dist,clean_trained,full,10dB,650015,"0,1,2",4,3,runs_noisy/model=log_dist_regime=clean_trained_rir=full_test=3_val=4/test_results_snr_10dB.csv,1.813600909590721,2.385468318476832,,,,0.3184886440354081,500
log_dist,clean_trained,full,20dB,650015,"0,1,2",4,3,runs_noisy/model=log_dist_regime=clean_trained_rir=full_test=3_val=4/test_results_snr_20dB.csv,1.6534593650102616,2.132892810531513,,,,0.297723129216781,500
log_dist,clean_trained,full,clean,650015,"1,2,3",0,4,runs_noisy/model=log_dist_regime=clean_trained_rir=full_test=4_val=0/test_results_snr_clean.csv,1.3581654541492463,1.7250968817183503,,,,0.3100443923860762,500
log_dist,clean_trained,full,0dB,650015,"1,2,3",0,4,runs_noisy/model=log_dist_regime=clean_trained_rir=full_test=4_val=0/test_results_snr_0dB.csv,1.8766932315826417,2.2445521323089923,,,,0.555809415426289,500
log_dist,clean_trained,full,10dB,650015,"1,2,3",0,4,runs_noisy/model=log_dist_regime=clean_trained_rir=full_test=4_val=0/test_results_snr_10dB.csv,1.625195011138916,1.9866292099194294,,,,0.4365262862618346,500
log_dist,clean_trained,full,20dB,650015,"1,2,3",0,4,runs_noisy/model=log_dist_regime=clean_trained_rir=full_test=4_val=0/test_results_snr_20dB.csv,1.4411120972633362,1.8019453053590246,,,,0.36147539509009,500
log_dist,noise_trained,full,clean,650015,"2,3,4",1,0,runs_noisy/model=log_dist_regime=noise_trained_rir=full_test=0_val=1/test_results_snr_clean.csv,1.422433351278305,1.847730130460997,,,,0.29158457987731495,500
log_dist,noise_trained,full,0dB,650015,"2,3,4",1,0,runs_noisy/model=log_dist_regime=noise_trained_rir=full_test=0_val=1/test_results_snr_0dB.csv,1.6271497764587401,2.1448204382373737,,,,0.3175501612302662,500
log_dist,noise_trained,full,10dB,650015,"2,3,4",1,0,runs_noisy/model=log_dist_regime=noise_trained_rir=full_test=0_val=1/test_results_snr_10dB.csv,1.5240990351438521,1.996275777046455,,,,0.28613261044127225,500
log_dist,noise_trained,full,20dB,650015,"2,3,4",1,0,runs_noisy/model=log_dist_regime=noise_trained_rir=full_test=0_val=1/test_results_snr_20dB.csv,1.5021839175224305,1.9464329140023302,,,,0.2848344743783138,500
log_dist,noise_trained,full,clean,650015,"0,3,4",2,1,runs_noisy/model=log_dist_regime=noise_trained_rir=full_test=1_val=2/test_results_snr_clean.csv,1.2600622329711915,1.679987613831787,,,,0.2562342204052374,500
log_dist,noise_trained,full,0dB,650015,"0,3,4",2,1,runs_noisy/model=log_dist_regime=noise_trained_rir=full_test=1_val=2/test_results_snr_0dB.csv,1.483062895655632,1.9518130756574177,,,,0.2950213680853025,500
log_dist,noise_trained,full,10dB,650015,"0,3,4",2,1,runs_noisy/model=log_dist_regime=noise_trained_rir=full_test=1_val=2/test_results_snr_10dB.csv,1.3229739698171616,1.783358349837738,,,,0.263982570104155,500
log_dist,noise_trained,full,20dB,650015,"0,3,4",2,1,runs_noisy/model=log_dist_regime=noise_trained_rir=full_test=1_val=2/test_results_snr_20dB.csv,1.2890118186473847,1.7369160987076917,,,,0.2571526316654482,500
log_dist,noise_trained,full,clean,650015,"0,1,4",3,2,runs_noisy/model=log_dist_regime=noise_trained_rir=full_test=2_val=3/test_results_snr_clean.csv,1.2452420654296874,1.6501456021766325,,,,0.24595741962684006,500
log_dist,noise_trained,full,0dB,650015,"0,1,4",3,2,runs_noisy/model=log_dist_regime=noise_trained_rir=full_test=2_val=3/test_results_snr_0dB.csv,1.3357475259304046,1.7698158812106413,,,,0.28996785409063336,500
log_dist,noise_trained,full,10dB,650015,"0,1,4",3,2,runs_noisy/model=log_dist_regime=noise_trained_rir=full_test=2_val=3/test_results_snr_10dB.csv,1.2645546135902406,1.6671768059289023,,,,0.25137308991694657,500
log_dist,noise_trained,full,20dB,650015,"0,1,4",3,2,runs_noisy/model=log_dist_regime=noise_trained_rir=full_test=2_val=3/test_results_snr_20dB.csv,1.2429520399570466,1.635655133789032,,,,0.2471678097850223,500
log_dist,noise_trained,full,clean,650015,"0,1,2",4,3,runs_noisy/model=log_dist_regime=noise_trained_rir=full_test=3_val=4/test_results_snr_clean.csv,1.3048735350370406,1.6850009895558251,,,,0.25036056573991694,500
log_dist,noise_trained,full,0dB,650015,"0,1,2",4,3,runs_noisy/model=log_dist_regime=noise_trained_rir=full_test=3_val=4/test_results_snr_0dB.csv,1.4111735260486602,1.8205791249370025,,,,0.2884533345188104,500
log_dist,noise_trained,full,10dB,650015,"0,1,2",4,3,runs_noisy/model=log_dist_regime=noise_trained_rir=full_test=3_val=4/test_results_snr_10dB.csv,1.3499008549451827,1.771964199079529,,,,0.2597437335241172,500
log_dist,noise_trained,full,20dB,650015,"0,1,2",4,3,runs_noisy/model=log_dist_regime=noise_trained_rir=full_test=3_val=4/test_results_snr_20dB.csv,1.3285505788326264,1.7232216756603822,,,,0.25779370288012793,500
log_dist,noise_trained,full,clean,650015,"1,2,3",0,4,runs_noisy/model=log_dist_regime=noise_trained_rir=full_test=4_val=0/test_results_snr_clean.csv,1.3098146252632141,1.723953622198314,,,,0.270153394246895,500
log_dist,noise_trained,full,0dB,650015,"1,2,3",0,4,runs_noisy/model=log_dist_regime=noise_trained_rir=full_test=4_val=0/test_results_snr_0dB.csv,1.453692211151123,1.8925695703094225,,,,0.32070369460781106,500
log_dist,noise_trained,full,10dB,650015,"1,2,3",0,4,runs_noisy/model=log_dist_regime=noise_trained_rir=full_test=4_val=0/test_results_snr_10dB.csv,1.3304432511329651,1.7390473779061961,,,,0.27850417292455365,500
log_dist,noise_trained,full,20dB,650015,"1,2,3",0,4,runs_noisy/model=log_dist_regime=noise_trained_rir=full_test=4_val=0/test_results_snr_20dB.csv,1.3146218130588532,1.6958679294362433,,,,0.2717690591063014,500
log_dist_multitask,clean_trained,full,clean,749090,"2,3,4",1,0,runs_noisy/model=log_dist_multitask_regime=clean_trained_rir=full_test=0_val=1/test_results_snr_clean.csv,1.4366994762420655,1.8707922465825744,0.11223338636010885,0.09429229164123536,0.2720421447753906,0.2678667627439515,500
log_dist_multitask,clean_trained,full,0dB,749090,"2,3,4",1,0,runs_noisy/model=log_dist_multitask_regime=clean_trained_rir=full_test=0_val=1/test_results_snr_0dB.csv,2.0210147223472594,2.496255273222045,0.6997370311245322,0.11332592868804932,0.3641788930892944,0.44697642154422335,500
log_dist_multitask,clean_trained,full,10dB,749090,"2,3,4",1,0,runs_noisy/model=log_dist_multitask_regime=clean_trained_rir=full_test=0_val=1/test_results_snr_10dB.csv,1.7042934334278106,2.235653099529011,0.5299205329865218,0.1010199613571167,0.31208005142211914,0.3313536433118038,500
log_dist_multitask,clean_trained,full,20dB,749090,"2,3,4",1,0,runs_noisy/model=log_dist_multitask_regime=clean_trained_rir=full_test=0_val=1/test_results_snr_20dB.csv,1.5519973301887513,2.066557272770208,0.30373541867733,0.0973511323928833,0.2848689966201782,0.28604613542779633,500
log_dist_multitask,clean_trained,full,clean,749090,"0,3,4",2,1,runs_noisy/model=log_dist_multitask_regime=clean_trained_rir=full_test=1_val=2/test_results_snr_clean.csv,1.3334550724029541,1.7684594629481785,0.1341290919080493,0.0947062702178955,0.28713896465301514,0.31155095919172476,500
log_dist_multitask,clean_trained,full,0dB,749090,"0,3,4",2,1,runs_noisy/model=log_dist_multitask_regime=clean_trained_rir=full_test=1_val=2/test_results_snr_0dB.csv,1.7801336834430694,2.2307772523149687,0.6943920301937615,0.11560701274871826,0.33384624099731447,0.45747271637778414,500
log_dist_multitask,clean_trained,full,10dB,749090,"0,3,4",2,1,runs_noisy/model=log_dist_multitask_regime=clean_trained_rir=full_test=1_val=2/test_results_snr_10dB.csv,1.4857220306396484,1.9458105765369296,0.49183795788820134,0.10140622043609619,0.30527591133117676,0.36257724517637907,500
log_dist_multitask,clean_trained,full,20dB,749090,"0,3,4",2,1,runs_noisy/model=log_dist_multitask_regime=clean_trained_rir=full_test=1_val=2/test_results_snr_20dB.csv,1.4082682178020478,1.863806058944479,0.2635107351795887,0.096773681640625,0.29514713668823245,0.334151677619298,500
log_dist_multitask,clean_trained,full,clean,749090,"0,1,4",3,2,runs_noisy/model=log_dist_multitask_regime=clean_trained_rir=full_test=2_val=3/test_results_snr_clean.csv,1.2999128184318542,1.7167893817913176,0.11910757511481643,0.08744412517547608,0.25041983699798587,0.2583162071931936,500
log_dist_multitask,clean_trained,full,0dB,749090,"0,1,4",3,2,runs_noisy/model=log_dist_multitask_regime=clean_trained_rir=full_test=2_val=3/test_results_snr_0dB.csv,1.7766057686805725,2.2659959562626755,0.6901402352768928,0.11391429233551026,0.38563382053375245,0.42066232583136837,500
log_dist_multitask,clean_trained,full,10dB,749090,"0,1,4",3,2,runs_noisy/model=log_dist_multitask_regime=clean_trained_rir=full_test=2_val=3/test_results_snr_10dB.csv,1.450284679412842,1.9106767695919917,0.5118105829227716,0.0966216402053833,0.3158599414825439,0.303322198504497,500
log_dist_multitask,clean_trained,full,20dB,749090,"0,1,4",3,2,runs_noisy/model=log_dist_multitask_regime=clean_trained_rir=full_test=2_val=3/test_results_snr_20dB.csv,1.3467252395153047,1.7826857250715737,0.27960948142036796,0.09195429420471192,0.2812760200500488,0.2642128128653585,500
log_dist_multitask,clean_trained,full,clean,749090,"0,1,2",4,3,runs_noisy/model=log_dist_multitask_regime=clean_trained_rir=full_test=3_val=4/test_results_snr_clean.csv,1.3617466250658035,1.8439291713126436,0.12622114480752497,0.09660123825073243,0.2785100965499878,0.25912869498129065,500
log_dist_multitask,clean_trained,full,0dB,749090,"0,1,2",4,3,runs_noisy/model=log_dist_multitask_regime=clean_trained_rir=full_test=3_val=4/test_results_snr_0dB.csv,1.9004324297904969,2.4393119463101764,0.6844729613801465,0.10549734210968018,0.3287627754211426,0.4135942803395431,500
log_dist_multitask,clean_trained,full,10dB,749090,"0,1,2",4,3,runs_noisy/model=log_dist_multitask_regime=clean_trained_rir=full_test=3_val=4/test_results_snr_10dB.csv,1.656677738428116,2.134324706586806,0.48894520568754524,0.09986708259582519,0.3011076240539551,0.326826345208818,500
log_dist_multitask,clean_trained,full,20dB,749090,"0,1,2",4,3,runs_noisy/model=log_dist_multitask_regime=clean_trained_rir=full_test=3_val=4/test_results_snr_20dB.csv,1.54674005818367,2.0245192484397636,0.25993530166056006,0.09749169635772705,0.28239863967895507,0.29736093504236794,500
log_dist_multitask,clean_trained,full,clean,749090,"1,2,3",0,4,runs_noisy/model=log_dist_multitask_regime=clean_trained_rir=full_test=4_val=0/test_results_snr_clean.csv,1.3396198015213012,1.7735608563278176,0.1346557852476835,0.09933520126342774,0.29185611724853516,0.29514261319077695,500
log_dist_multitask,clean_trained,full,0dB,749090,"1,2,3",0,4,runs_noisy/model=log_dist_multitask_regime=clean_trained_rir=full_test=4_val=0/test_results_snr_0dB.csv,2.1278541679382323,2.5487480608621857,0.7108943346366287,0.10192638397216797,0.31060655307769774,0.6365391758161026,500
log_dist_multitask,clean_trained,full,10dB,749090,"1,2,3",0,4,runs_noisy/model=log_dist_multitask_regime=clean_trained_rir=full_test=4_val=0/test_results_snr_10dB.csv,1.6550127522945404,2.082280893762052,0.48477572413533926,0.09977119731903077,0.29367837047576906,0.420524213490456,500
log_dist_multitask,clean_trained,full,20dB,749090,"1,2,3",0,4,runs_noisy/model=log_dist_multitask_regime=clean_trained_rir=full_test=4_val=0/test_results_snr_20dB.csv,1.4154362144470214,1.837298409090517,0.25643638567253946,0.09913871383666992,0.28531560230255126,0.3340379528307475,500
log_dist_multitask,noise_trained,full,clean,749090,"2,3,4",1,0,runs_noisy/model=log_dist_multitask_regime=noise_trained_rir=full_test=0_val=1/test_results_snr_clean.csv,1.5022035765647888,1.9687324869583633,0.16767317367717624,0.10216722202301025,0.29586412143707275,0.26751641462467196,500
log_dist_multitask,noise_trained,full,0dB,749090,"2,3,4",1,0,runs_noisy/model=log_dist_multitask_regime=noise_trained_rir=full_test=0_val=1/test_results_snr_0dB.csv,1.648871554851532,2.1201250941770873,0.3595373813174665,0.09776364040374756,0.2958869543075561,0.32766502954871785,500
log_dist_multitask,noise_trained,full,10dB,749090,"2,3,4",1,0,runs_noisy/model=log_dist_multitask_regime=noise_trained_rir=full_test=0_val=1/test_results_snr_10dB.csv,1.501080350637436,1.9871891332641682,0.22866314866766332,0.09797766780853272,0.2906862077713013,0.27057807739212386,500
log_dist_multitask,noise_trained,full,20dB,749090,"2,3,4",1,0,runs_noisy/model=log_dist_multitask_regime=noise_trained_rir=full_test=0_val=1/test_results_snr_20dB.csv,1.497422154188156,1.9410329180410497,0.16588206405565142,0.09848738479614258,0.2903239669799805,0.27190373785995087,500
log_dist_multitask,noise_trained,full,clean,749090,"0,3,4",2,1,runs_noisy/model=log_dist_multitask_regime=noise_trained_rir=full_test=1_val=2/test_results_snr_clean.csv,1.2537896754741669,1.6459763048435874,0.13915156685683178,0.10848766899108887,0.28729318618774413,0.25758047722284094,500
log_dist_multitask,noise_trained,full,0dB,749090,"0,3,4",2,1,runs_noisy/model=log_dist_multitask_regime=noise_trained_rir=full_test=1_val=2/test_results_snr_0dB.csv,1.5132497367858886,1.9944768638310417,0.29384059026214526,0.12504771518707275,0.30829825878143313,0.33749542426242113,500
log_dist_multitask,noise_trained,full,10dB,749090,"0,3,4",2,1,runs_noisy/model=log_dist_multitask_regime=noise_trained_rir=full_test=1_val=2/test_results_snr_10dB.csv,1.3709933075904845,1.8153583316377802,0.1925569784877007,0.1188528995513916,0.29886584186553955,0.2852480523169309,500
log_dist_multitask,noise_trained,full,20dB,749090,"0,3,4",2,1,runs_noisy/model=log_dist_multitask_regime=noise_trained_rir=full_test=1_val=2/test_results_snr_20dB.csv,1.2967733118534088,1.7296628878021054,0.15137522358383285,0.11483947563171387,0.2907536029815674,0.26495914795500386,500
log_dist_multitask,noise_trained,full,clean,749090,"0,1,4",3,2,runs_noisy/model=log_dist_multitask_regime=noise_trained_rir=full_test=2_val=3/test_results_snr_clean.csv,1.334311391353607,1.7767571430376756,0.14491299141012132,0.09575108528137206,0.2678687038421631,0.24045021664904545,500
log_dist_multitask,noise_trained,full,0dB,749090,"0,1,4",3,2,runs_noisy/model=log_dist_multitask_regime=noise_trained_rir=full_test=2_val=3/test_results_snr_0dB.csv,1.4408765614032746,1.9257020141236925,0.2818329855967313,0.0928360710144043,0.26531262302398684,0.2778484579274958,500
log_dist_multitask,noise_trained,full,10dB,749090,"0,1,4",3,2,runs_noisy/model=log_dist_multitask_regime=noise_trained_rir=full_test=2_val=3/test_results_snr_10dB.csv,1.3034637768268584,1.745880282178212,0.18680554280988873,0.09400914192199707,0.26364594173431394,0.2485354765357567,500
log_dist_multitask,noise_trained,full,20dB,749090,"0,1,4",3,2,runs_noisy/model=log_dist_multitask_regime=noise_trained_rir=full_test=2_val=3/test_results_snr_20dB.csv,1.2999546010494232,1.7382871782341387,0.17979829833470284,0.0947759141921997,0.2641422567367554,0.24028386981210811,500
log_dist_multitask,noise_trained,full,clean,749090,"0,1,2",4,3,runs_noisy/model=log_dist_multitask_regime=noise_trained_rir=full_test=3_val=4/test_results_snr_clean.csv,1.3483929649591446,1.7621585666608282,0.13481509055476637,0.09432998561859131,0.26827669525146486,0.2501296659731783,500
log_dist_multitask,noise_trained,full,0dB,749090,"0,1,2",4,3,runs_noisy/model=log_dist_multitask_regime=noise_trained_rir=full_test=3_val=4/test_results_snr_0dB.csv,1.4544995679855346,1.8818034406997535,0.34743267663847655,0.09431318473815918,0.27944043827056886,0.2978209429429914,500
log_dist_multitask,noise_trained,full,10dB,749090,"0,1,2",4,3,runs_noisy/model=log_dist_multitask_regime=noise_trained_rir=full_test=3_val=4/test_results_snr_10dB.csv,1.369551563024521,1.8050869028549934,0.2018287671012804,0.09199160289764405,0.2688265190124512,0.2605814921425555,500
log_dist_multitask,noise_trained,full,20dB,749090,"0,1,2",4,3,runs_noisy/model=log_dist_multitask_regime=noise_trained_rir=full_test=3_val=4/test_results_snr_20dB.csv,1.3612735991477967,1.7806787297004998,0.146397999743931,0.0927794885635376,0.267450364112854,0.25566697787631004,500
log_dist_multitask,noise_trained,full,clean,749090,"1,2,3",0,4,runs_noisy/model=log_dist_multitask_regime=noise_trained_rir=full_test=4_val=0/test_results_snr_clean.csv,1.2786734476089479,1.656700813667861,0.13215674268454314,0.09509274482727051,0.27771068954467776,0.25920643677607474,500
log_dist_multitask,noise_trained,full,0dB,749090,"1,2,3",0,4,runs_noisy/model=log_dist_multitask_regime=noise_trained_rir=full_test=4_val=0/test_results_snr_0dB.csv,1.500009610414505,1.930990476182131,0.3559657668620348,0.10466218280792236,0.31761795234680174,0.33340441589177305,500
log_dist_multitask,noise_trained,full,10dB,749090,"1,2,3",0,4,runs_noisy/model=log_dist_multitask_regime=noise_trained_rir=full_test=4_val=0/test_results_snr_10dB.csv,1.3270342906713486,1.7174520048981168,0.1911056239679456,0.09934487915039063,0.2922970209121704,0.27621051238941907,500
log_dist_multitask,noise_trained,full,20dB,749090,"1,2,3",0,4,runs_noisy/model=log_dist_multitask_regime=noise_trained_rir=full_test=4_val=0/test_results_snr_20dB.csv,1.2735177443027497,1.651031878030641,0.14093650728091597,0.09712222290039063,0.28472081184387205,0.2575698753592226,500
log_dist_multitask_specaug,clean_trained,full,clean,749090,"2,3,4",1,0,runs_noisy/model=log_dist_multitask_specaug_regime=clean_trained_rir=full_test=0_val=1/test_results_snr_clean.csv,1.4396044499874114,1.902513424351484,0.1298234691657126,0.09652963829040527,0.2864885663986206,0.26066696789758287,500
log_dist_multitask_specaug,clean_trained,full,0dB,749090,"2,3,4",1,0,runs_noisy/model=log_dist_multitask_specaug_regime=clean_trained_rir=full_test=0_val=1/test_results_snr_0dB.csv,1.972163100719452,2.49716295736716,0.8359347658008337,0.13319129180908204,0.39316061115264894,0.38858105809874144,500
log_dist_multitask_specaug,clean_trained,full,10dB,749090,"2,3,4",1,0,runs_noisy/model=log_dist_multitask_specaug_regime=clean_trained_rir=full_test=0_val=1/test_results_snr_10dB.csv,1.5771913437843323,2.0915500131315072,0.5935631154552102,0.10808278369903565,0.3252954616546631,0.29393662977699303,500
log_dist_multitask_specaug,clean_trained,full,20dB,749090,"2,3,4",1,0,runs_noisy/model=log_dist_multitask_specaug_regime=clean_trained_rir=full_test=0_val=1/test_results_snr_20dB.csv,1.5104598058462142,1.99653626016775,0.32745165381580593,0.09916711807250976,0.297411114692688,0.2739538737588417,500
log_dist_multitask_specaug,clean_trained,full,clean,749090,"0,3,4",2,1,runs_noisy/model=log_dist_multitask_specaug_regime=clean_trained_rir=full_test=1_val=2/test_results_snr_clean.csv,1.23521946310997,1.642158956335416,0.19578371505375253,0.14593854236602782,0.29463278675079346,0.2674395785507625,500
log_dist_multitask_specaug,clean_trained,full,0dB,749090,"0,3,4",2,1,runs_noisy/model=log_dist_multitask_specaug_regime=clean_trained_rir=full_test=1_val=2/test_results_snr_0dB.csv,1.7782946882247925,2.2870437706674593,0.8961878773340141,0.11733870029449463,0.34584142208099367,0.4167427457450637,500
log_dist_multitask_specaug,clean_trained,full,10dB,749090,"0,3,4",2,1,runs_noisy/model=log_dist_multitask_specaug_regime=clean_trained_rir=full_test=1_val=2/test_results_snr_10dB.csv,1.4289364293813704,1.8924770784317364,0.7182390770607744,0.1050917501449585,0.3062487621307373,0.3147950223496691,500
log_dist_multitask_specaug,clean_trained,full,20dB,749090,"0,3,4",2,1,runs_noisy/model=log_dist_multitask_specaug_regime=clean_trained_rir=full_test=1_val=2/test_results_snr_20dB.csv,1.3335910551548005,1.768066854180659,0.45341806182201255,0.1184354658126831,0.29518072509765625,0.28563599402632284,500
log_dist_multitask_specaug,clean_trained,full,clean,749090,"0,1,4",3,2,runs_noisy/model=log_dist_multitask_specaug_regime=clean_trained_rir=full_test=2_val=3/test_results_snr_clean.csv,1.181263058900833,1.5975827089376489,0.14583846991881727,0.10199030017852784,0.26641417121887206,0.227749043794016,500
log_dist_multitask_specaug,clean_trained,full,0dB,749090,"0,1,4",3,2,runs_noisy/model=log_dist_multitask_specaug_regime=clean_trained_rir=full_test=2_val=3/test_results_snr_0dB.csv,1.5376810200214386,1.9896532966837732,0.8395368178579956,0.12732122039794921,0.3467513370513916,0.3461900111029207,500
log_dist_multitask_specaug,clean_trained,full,10dB,749090,"0,1,4",3,2,runs_noisy/model=log_dist_multitask_specaug_regime=clean_trained_rir=full_test=2_val=3/test_results_snr_10dB.csv,1.2534665274620056,1.6558169587749403,0.6282504243571311,0.11225369071960449,0.29429977321624756,0.24867694228841136,500
log_dist_multitask_specaug,clean_trained,full,20dB,749090,"0,1,4",3,2,runs_noisy/model=log_dist_multitask_specaug_regime=clean_trained_rir=full_test=2_val=3/test_results_snr_20dB.csv,1.2023680713176728,1.5831203546316885,0.35441302196122704,0.10371402835845947,0.27589677715301514,0.2305785670694683,500
log_dist_multitask_specaug,clean_trained,full,clean,749090,"0,1,2",4,3,runs_noisy/model=log_dist_multitask_specaug_regime=clean_trained_rir=full_test=3_val=4/test_results_snr_clean.csv,1.395627144575119,1.8802439071371544,0.12522877345141023,0.09090216541290283,0.2765602416992187,0.26632269345855386,500
log_dist_multitask_specaug,clean_trained,full,0dB,749090,"0,1,2",4,3,runs_noisy/model=log_dist_multitask_specaug_regime=clean_trained_rir=full_test=3_val=4/test_results_snr_0dB.csv,1.8650981135368347,2.3907834784113446,0.9118755321791395,0.14158067893981935,0.4019800758361816,0.37157491053468233,500
log_dist_multitask_specaug,clean_trained,full,10dB,749090,"0,1,2",4,3,runs_noisy/model=log_dist_multitask_specaug_regime=clean_trained_rir=full_test=3_val=4/test_results_snr_10dB.csv,1.5686028895378112,2.0642200599332203,0.723487792997621,0.10967405128479003,0.335812518119812,0.30406179071086376,500
log_dist_multitask_specaug,clean_trained,full,20dB,749090,"0,1,2",4,3,runs_noisy/model=log_dist_multitask_specaug_regime=clean_trained_rir=full_test=3_val=4/test_results_snr_20dB.csv,1.4562757539749145,1.913951996993158,0.42566253437753765,0.09467113494873047,0.29525553607940674,0.2812384697517035,500
log_dist_multitask_specaug,clean_trained,full,clean,749090,"1,2,3",0,4,runs_noisy/model=log_dist_multitask_specaug_regime=clean_trained_rir=full_test=4_val=0/test_results_snr_clean.csv,1.3293220205307006,1.7585343372551072,0.11692851634323596,0.09964589977264404,0.28544546794891357,0.28515150809749606,500
log_dist_multitask_specaug,clean_trained,full,0dB,749090,"1,2,3",0,4,runs_noisy/model=log_dist_multitask_specaug_regime=clean_trained_rir=full_test=4_val=0/test_results_snr_0dB.csv,1.7621601133346558,2.172322181139679,0.8031639213562012,0.11784650230407714,0.31464204120635986,0.4755083203084842,500
log_dist_multitask_specaug,clean_trained,full,10dB,749090,"1,2,3",0,4,runs_noisy/model=log_dist_multitask_specaug_regime=clean_trained_rir=full_test=4_val=0/test_results_snr_10dB.csv,1.4389609875679017,1.8255271115750733,0.5232484888210893,0.10167378807067871,0.2897161359786987,0.3459950869384768,500
log_dist_multitask_specaug,clean_trained,full,20dB,749090,"1,2,3",0,4,runs_noisy/model=log_dist_multitask_specaug_regime=clean_trained_rir=full_test=4_val=0/test_results_snr_20dB.csv,1.3263147938251496,1.7200456652754899,0.26306834412366153,0.09519125747680664,0.281891731262207,0.3016865718751622,500
log_dist_multitask_specaug,noise_trained,full,clean,749090,"2,3,4",1,0,runs_noisy/model=log_dist_multitask_specaug_regime=noise_trained_rir=full_test=0_val=1/test_results_snr_clean.csv,1.4499331114292144,1.9383569075136469,0.12328591298311949,0.0978835859298706,0.27780589771270753,0.251353966725898,500
log_dist_multitask_specaug,noise_trained,full,0dB,749090,"2,3,4",1,0,runs_noisy/model=log_dist_multitask_specaug_regime=noise_trained_rir=full_test=0_val=1/test_results_snr_0dB.csv,1.627711799144745,2.1177526609795194,0.3061858660615981,0.10038250350952148,0.28881923294067385,0.30261531154834165,500
log_dist_multitask_specaug,noise_trained,full,10dB,749090,"2,3,4",1,0,runs_noisy/model=log_dist_multitask_specaug_regime=noise_trained_rir=full_test=0_val=1/test_results_snr_10dB.csv,1.4864441084861755,1.9705430639207975,0.17156169709563254,0.10117598533630372,0.28873127269744875,0.26237081906802895,500
log_dist_multitask_specaug,noise_trained,full,20dB,749090,"2,3,4",1,0,runs_noisy/model=log_dist_multitask_specaug_regime=noise_trained_rir=full_test=0_val=1/test_results_snr_20dB.csv,1.4335621564388275,1.9106839838566116,0.15210600216686726,0.10073332405090332,0.2860774049758911,0.2510865815913021,500
log_dist_multitask_specaug,noise_trained,full,clean,749090,"0,3,4",2,1,runs_noisy/model=log_dist_multitask_specaug_regime=noise_trained_rir=full_test=1_val=2/test_results_snr_clean.csv,1.2232698607444763,1.6048252742823166,0.13582956351089523,0.10306574249267578,0.29200181579589846,0.25983178905213156,500
log_dist_multitask_specaug,noise_trained,full,0dB,749090,"0,3,4",2,1,runs_noisy/model=log_dist_multitask_specaug_regime=noise_trained_rir=full_test=1_val=2/test_results_snr_0dB.csv,1.4098698065280915,1.8424917602129238,0.32581934080756036,0.10787687587738037,0.30487331676483154,0.30844316395830934,500
log_dist_multitask_specaug,noise_trained,full,10dB,749090,"0,3,4",2,1,runs_noisy/model=log_dist_multitask_specaug_regime=noise_trained_rir=full_test=1_val=2/test_results_snr_10dB.csv,1.2977196633815766,1.7505089562354759,0.19319703453156398,0.10791539955139161,0.30182533645629883,0.2656265190141652,500
log_dist_multitask_specaug,noise_trained,full,20dB,749090,"0,3,4",2,1,runs_noisy/model=log_dist_multitask_specaug_regime=noise_trained_rir=full_test=1_val=2/test_results_snr_20dB.csv,1.2623929781913756,1.688781506076375,0.15307297781232046,0.107055739402771,0.2967665729522705,0.25684729699853515,500
log_dist_multitask_specaug,noise_trained,full,clean,749090,"0,1,4",3,2,runs_noisy/model=log_dist_multitask_specaug_regime=noise_trained_rir=full_test=2_val=3/test_results_snr_clean.csv,1.2225146858692169,1.6294108555381877,0.13050466449186207,0.10017552280426026,0.24819588947296142,0.23795204881203225,500
log_dist_multitask_specaug,noise_trained,full,0dB,749090,"0,1,4",3,2,runs_noisy/model=log_dist_multitask_specaug_regime=noise_trained_rir=full_test=2_val=3/test_results_snr_0dB.csv,1.4483560457229614,1.9107538609888899,0.311255430418998,0.09580469417572021,0.26857198810577393,0.28149844225776066,500
log_dist_multitask_specaug,noise_trained,full,10dB,749090,"0,1,4",3,2,runs_noisy/model=log_dist_multitask_specaug_regime=noise_trained_rir=full_test=2_val=3/test_results_snr_10dB.csv,1.285307184457779,1.68497831224434,0.18266334186121821,0.09534202194213867,0.24899327087402343,0.25415917348429473,500
log_dist_multitask_specaug,noise_trained,full,20dB,749090,"0,1,4",3,2,runs_noisy/model=log_dist_multitask_specaug_regime=noise_trained_rir=full_test=2_val=3/test_results_snr_20dB.csv,1.2504186506271362,1.6585616408970485,0.15862923081219196,0.0989899320602417,0.24719525718688964,0.24555252856662352,500
log_dist_multitask_specaug,noise_trained,full,clean,749090,"0,1,2",4,3,runs_noisy/model=log_dist_multitask_specaug_regime=noise_trained_rir=full_test=3_val=4/test_results_snr_clean.csv,1.2965754491090775,1.6998665700277489,0.11835729461815209,0.09100561332702636,0.2592368450164795,0.2373001916168102,500
log_dist_multitask_specaug,noise_trained,full,0dB,749090,"0,1,2",4,3,runs_noisy/model=log_dist_multitask_specaug_regime=noise_trained_rir=full_test=3_val=4/test_results_snr_0dB.csv,1.431874431848526,1.8917612465174387,0.3453078789701685,0.0955822114944458,0.27595732402801515,0.27097978322053257,500
log_dist_multitask_specaug,noise_trained,full,10dB,749090,"0,1,2",4,3,runs_noisy/model=log_dist_multitask_specaug_regime=noise_trained_rir=full_test=3_val=4/test_results_snr_10dB.csv,1.42469094145298,1.872655517822571,0.17925575109478087,0.09478153133392334,0.2715449695587158,0.26078920416345724,500
log_dist_multitask_specaug,noise_trained,full,20dB,749090,"0,1,2",4,3,runs_noisy/model=log_dist_multitask_specaug_regime=noise_trained_rir=full_test=3_val=4/test_results_snr_20dB.csv,1.363694273352623,1.7887019841215595,0.1293273635385558,0.0913456506729126,0.26218629932403564,0.251660071141551,500
log_dist_multitask_specaug,noise_trained,full,clean,749090,"1,2,3",0,4,runs_noisy/model=log_dist_multitask_specaug_regime=noise_trained_rir=full_test=4_val=0/test_results_snr_clean.csv,1.2749084548950196,1.6857391224629044,0.13319799828901888,0.09617288970947266,0.28319902896881105,0.2564331001732216,500
log_dist_multitask_specaug,noise_trained,full,0dB,749090,"1,2,3",0,4,runs_noisy/model=log_dist_multitask_specaug_regime=noise_trained_rir=full_test=4_val=0/test_results_snr_0dB.csv,1.5129979784488679,2.017376353682756,0.30792925477400424,0.10319305515289307,0.30349207496643066,0.3039184276457869,500
log_dist_multitask_specaug,noise_trained,full,10dB,749090,"1,2,3",0,4,runs_noisy/model=log_dist_multitask_specaug_regime=noise_trained_rir=full_test=4_val=0/test_results_snr_10dB.csv,1.365192739725113,1.8088614488347843,0.17103219871409236,0.09800384140014648,0.28616555976867675,0.27753269224351135,500
log_dist_multitask_specaug,noise_trained,full,20dB,749090,"1,2,3",0,4,runs_noisy/model=log_dist_multitask_specaug_regime=noise_trained_rir=full_test=4_val=0/test_results_snr_20dB.csv,1.2861816840171814,1.6794449166347425,0.14254448188841343,0.0971651210784912,0.28226718997955325,0.26208618194966266,500
full_stack,clean_trained,full,clean,749090,"2,3,4",1,0,runs_noisy/model=full_stack_regime=clean_trained_rir=full_test=0_val=1/test_results_snr_clean.csv,1.4100908713340758,1.860463510679963,0.14765906047821045,0.09404133892059326,0.2658178586959839,0.2661163529713398,500
full_stack,clean_trained,full,0dB,749090,"2,3,4",1,0,runs_noisy/model=full_stack_regime=clean_trained_rir=full_test=0_val=1/test_results_snr_0dB.csv,1.8300960788726806,2.368937877092917,1.0324672535061836,0.11384843921661376,0.32951213359832765,0.35512800370273406,500
full_stack,clean_trained,full,10dB,749090,"2,3,4",1,0,runs_noisy/model=full_stack_regime=clean_trained_rir=full_test=0_val=1/test_results_snr_10dB.csv,1.498301442861557,1.9746796810125649,0.7592491054311394,0.09770020580291748,0.29047619438171385,0.2803777299905205,500
full_stack,clean_trained,full,20dB,749090,"2,3,4",1,0,runs_noisy/model=full_stack_regime=clean_trained_rir=full_test=0_val=1/test_results_snr_20dB.csv,1.399527410030365,1.856368946661693,0.4124833397641778,0.0953370246887207,0.27786635398864745,0.2636330936654281,500
full_stack,clean_trained,full,clean,749090,"0,3,4",2,1,runs_noisy/model=full_stack_regime=clean_trained_rir=full_test=1_val=2/test_results_snr_clean.csv,1.1764149825572967,1.584853138456672,0.14004259843128966,0.09957543849945068,0.2717576007843018,0.24928718948950535,500
full_stack,clean_trained,full,0dB,749090,"0,3,4",2,1,runs_noisy/model=full_stack_regime=clean_trained_rir=full_test=1_val=2/test_results_snr_0dB.csv,1.733567214012146,2.190006644637301,0.776159118323878,0.1620904779434204,0.3560892839431763,0.43595814763382396,500
full_stack,clean_trained,full,10dB,749090,"0,3,4",2,1,runs_noisy/model=full_stack_regime=clean_trained_rir=full_test=1_val=2/test_results_snr_10dB.csv,1.3566728024482726,1.7899760164310174,0.6347503949546371,0.12766532707214356,0.3099341220855713,0.31358319294191755,500
full_stack,clean_trained,full,20dB,749090,"0,3,4",2,1,runs_noisy/model=full_stack_regime=clean_trained_rir=full_test=1_val=2/test_results_snr_20dB.csv,1.2457548654079438,1.6943815220083738,0.39073657920892585,0.11013177680969238,0.2906467351913452,0.27443651038317823,500
full_stack,clean_trained,full,clean,749090,"0,1,4",3,2,runs_noisy/model=full_stack_regime=clean_trained_rir=full_test=2_val=3/test_results_snr_clean.csv,1.1392469439506532,1.509515011858732,0.1218805284369737,0.08954736042022705,0.2578228168487549,0.218891085894039,500
full_stack,clean_trained,full,0dB,749090,"0,1,4",3,2,runs_noisy/model=full_stack_regime=clean_trained_rir=full_test=2_val=3/test_results_snr_0dB.csv,1.7000153393745423,2.180848112776177,0.78133585687913,0.11583332252502442,0.3517387466430664,0.3666296560295284,500
full_stack,clean_trained,full,10dB,749090,"0,1,4",3,2,runs_noisy/model=full_stack_regime=clean_trained_rir=full_test=2_val=3/test_results_snr_10dB.csv,1.2742120926380158,1.6644145797640169,0.5902042437661439,0.09917011165618897,0.28930455684661865,0.2684837611960537,500
full_stack,clean_trained,full,20dB,749090,"0,1,4",3,2,runs_noisy/model=full_stack_regime=clean_trained_rir=full_test=2_val=3/test_results_snr_20dB.csv,1.178012030363083,1.54639177151994,0.32850101971812545,0.0925614013671875,0.2699106283187866,0.23623023672930465,500
full_stack,clean_trained,full,clean,749090,"0,1,2",4,3,runs_noisy/model=full_stack_regime=clean_trained_rir=full_test=3_val=4/test_results_snr_clean.csv,1.2298199059963226,1.64256800971654,0.12735597021039574,0.10441483974456787,0.2633884553909302,0.22923144059326972,500
full_stack,clean_trained,full,0dB,749090,"0,1,2",4,3,runs_noisy/model=full_stack_regime=clean_trained_rir=full_test=3_val=4/test_results_snr_0dB.csv,1.573110903263092,2.0219922473439693,0.94122945588734,0.14094572925567628,0.3129260549545288,0.3426438313045154,500
full_stack,clean_trained,full,10dB,749090,"0,1,2",4,3,runs_noisy/model=full_stack_regime=clean_trained_rir=full_test=3_val=4/test_results_snr_10dB.csv,1.3600367033481597,1.7989527586478362,0.7203363719051704,0.11181348896026612,0.2839319190979004,0.2652389963901581,500
full_stack,clean_trained,full,20dB,749090,"0,1,2",4,3,runs_noisy/model=full_stack_regime=clean_trained_rir=full_test=3_val=4/test_results_snr_20dB.csv,1.287322697877884,1.722472458009465,0.3974438596656546,0.09838159847259521,0.2683108854293823,0.2425697919759341,500
full_stack,clean_trained,full,clean,749090,"1,2,3",0,4,runs_noisy/model=full_stack_regime=clean_trained_rir=full_test=4_val=0/test_results_snr_clean.csv,1.2120103189945222,1.6502069017655976,0.10561771731078624,0.09407576084136964,0.2733173065185547,0.26338453096830355,500
full_stack,clean_trained,full,0dB,749090,"1,2,3",0,4,runs_noisy/model=full_stack_regime=clean_trained_rir=full_test=4_val=0/test_results_snr_0dB.csv,1.6153779776096344,2.1232139518520325,0.9331321100220085,0.10373514556884765,0.3248938856124878,0.38201692140355403,500
full_stack,clean_trained,full,10dB,749090,"1,2,3",0,4,runs_noisy/model=full_stack_regime=clean_trained_rir=full_test=4_val=0/test_results_snr_10dB.csv,1.3517744596004486,1.8329947033786045,0.6165860947296024,0.09890901565551757,0.2998104667663574,0.3043452309241261,500
full_stack,clean_trained,full,20dB,749090,"1,2,3",0,4,runs_noisy/model=full_stack_regime=clean_trained_rir=full_test=4_val=0/test_results_snr_20dB.csv,1.2600938124656678,1.7230403625481308,0.31013100434839724,0.09808979129791259,0.2923221950531006,0.28581116405262263,500
full_stack,noise_trained,full,clean,749090,"2,3,4",1,0,runs_noisy/model=full_stack_regime=noise_trained_rir=full_test=0_val=1/test_results_snr_clean.csv,1.3456211173534394,1.7914269662352265,0.1194166313521564,0.09381100749969483,0.26811464691162107,0.24420159839129196,500
full_stack,noise_trained,full,0dB,749090,"2,3,4",1,0,runs_noisy/model=full_stack_regime=noise_trained_rir=full_test=0_val=1/test_results_snr_0dB.csv,1.5253863666057588,1.982907605045361,0.31306508944928646,0.09782959842681885,0.28510419273376464,0.30302913411384114,500
full_stack,noise_trained,full,10dB,749090,"2,3,4",1,0,runs_noisy/model=full_stack_regime=noise_trained_rir=full_test=0_val=1/test_results_snr_10dB.csv,1.4272717525959016,1.8730902855272609,0.16272027805447578,0.0970122241973877,0.27674757862091065,0.26366974822085704,500
full_stack,noise_trained,full,20dB,749090,"2,3,4",1,0,runs_noisy/model=full_stack_regime=noise_trained_rir=full_test=0_val=1/test_results_snr_20dB.csv,1.3620285847187041,1.8181007405784761,0.13466833733767272,0.09811502170562744,0.27603710079193117,0.24852203668447354,500
full_stack,noise_trained,full,clean,749090,"0,3,4",2,1,runs_noisy/model=full_stack_regime=noise_trained_rir=full_test=1_val=2/test_results_snr_clean.csv,1.1945526282787322,1.5978958841751296,0.1568824598447536,0.10693824005126953,0.2823413734436035,0.24758380371018432,500
full_stack,noise_trained,full,0dB,749090,"0,3,4",2,1,runs_noisy/model=full_stack_regime=noise_trained_rir=full_test=1_val=2/test_results_snr_0dB.csv,1.368713937997818,1.794322602435306,0.26288200530147876,0.11307164859771729,0.29502083015441893,0.3096763789624126,500
full_stack,noise_trained,full,10dB,749090,"0,3,4",2,1,runs_noisy/model=full_stack_regime=noise_trained_rir=full_test=1_val=2/test_results_snr_10dB.csv,1.2852183570861817,1.74565882333531,0.20751610839663773,0.10801391315460206,0.28906305027008056,0.27025721705917993,500
full_stack,noise_trained,full,20dB,749090,"0,3,4",2,1,runs_noisy/model=full_stack_regime=noise_trained_rir=full_test=1_val=2/test_results_snr_20dB.csv,1.2429450352191924,1.6939615728002397,0.19401885215489892,0.10664030933380127,0.28325451374053956,0.2586033483294061,500
full_stack,noise_trained,full,clean,749090,"0,1,4",3,2,runs_noisy/model=full_stack_regime=noise_trained_rir=full_test=2_val=3/test_results_snr_clean.csv,1.1620175521373748,1.5571301173805345,0.11035566584952175,0.09463748741149902,0.2525732002258301,0.21734463348543165,500
full_stack,noise_trained,full,0dB,749090,"0,1,4",3,2,runs_noisy/model=full_stack_regime=noise_trained_rir=full_test=2_val=3/test_results_snr_0dB.csv,1.290536502122879,1.6692947221512568,0.29549833190068603,0.0919068775177002,0.2589046316146851,0.2669714915950526,500
full_stack,noise_trained,full,10dB,749090,"0,1,4",3,2,runs_noisy/model=full_stack_regime=noise_trained_rir=full_test=2_val=3/test_results_snr_10dB.csv,1.187768968820572,1.55959150594546,0.15487290355935693,0.09367499256134033,0.24875246810913085,0.2323999687616935,500
full_stack,noise_trained,full,20dB,749090,"0,1,4",3,2,runs_noisy/model=full_stack_regime=noise_trained_rir=full_test=2_val=3/test_results_snr_20dB.csv,1.1807569339275361,1.5723168100757219,0.12417507965862751,0.09466989135742188,0.25300973320007325,0.22112913027803388,500
full_stack,noise_trained,full,clean,749090,"0,1,2",4,3,runs_noisy/model=full_stack_regime=noise_trained_rir=full_test=3_val=4/test_results_snr_clean.csv,1.2701378934383392,1.7037433500516432,0.11682949999626725,0.08983510398864746,0.2542176027297974,0.2236141313582498,500
full_stack,noise_trained,full,0dB,749090,"0,1,2",4,3,runs_noisy/model=full_stack_regime=noise_trained_rir=full_test=3_val=4/test_results_snr_0dB.csv,1.4301877894401551,1.852612531371146,0.3023849540827796,0.09201315116882325,0.2775491914749145,0.27474685475169736,500
full_stack,noise_trained,full,10dB,749090,"0,1,2",4,3,runs_noisy/model=full_stack_regime=noise_trained_rir=full_test=3_val=4/test_results_snr_10dB.csv,1.3768728861808777,1.804088418694663,0.16357555980514735,0.09107356834411622,0.262269962310791,0.25168719374364823,500
full_stack,noise_trained,full,20dB,749090,"0,1,2",4,3,runs_noisy/model=full_stack_regime=noise_trained_rir=full_test=3_val=4/test_results_snr_20dB.csv,1.335643305540085,1.7595204754952443,0.12806726781930775,0.09003671741485596,0.25478421211242674,0.24000236679374132,500
full_stack,noise_trained,full,clean,749090,"1,2,3",0,4,runs_noisy/model=full_stack_regime=noise_trained_rir=full_test=4_val=0/test_results_snr_clean.csv,1.1985476217269897,1.598860384009412,0.11325837720185518,0.09674361419677735,0.26904265785217285,0.2509980234896038,500
full_stack,noise_trained,full,0dB,749090,"1,2,3",0,4,runs_noisy/model=full_stack_regime=noise_trained_rir=full_test=4_val=0/test_results_snr_0dB.csv,1.43096293759346,1.863641124125608,0.29138769482448695,0.09998994350433349,0.2999524564743042,0.32946496500394495,500
full_stack,noise_trained,full,10dB,749090,"1,2,3",0,4,runs_noisy/model=full_stack_regime=noise_trained_rir=full_test=4_val=0/test_results_snr_10dB.csv,1.2947321617603302,1.7274736278635046,0.16948892859369516,0.09792103481292724,0.2801964178085327,0.28425227347629545,500
full_stack,noise_trained,full,20dB,749090,"1,2,3",0,4,runs_noisy/model=full_stack_regime=noise_trained_rir=full_test=4_val=0/test_results_snr_20dB.csv,1.234218632698059,1.6210516357072344,0.13618552228063344,0.09794237422943115,0.27219925594329836,0.2610391112167069,500
