model,regime,dataset,n_folds,MAE_mean,MAE_ci,relMAE_mean,relMAE_ci
full_stack,clean_trained,QMUL_clean,5,7.663337731317237,0.6215697552608549,0.7309552461247135,0.06319525200163904
iwaenc_repro,clean_trained,QMUL_clean,5,5.969508534316663,0.6128747288916779,0.5381317951987709,0.06316564179966695
full_stack,noise_trained,QMUL_clean,5,8.324116108726571,0.48859681198158494,0.8013478017358391,0.04806993634404337
iwaenc_repro,noise_trained,QMUL_clean,5,7.301097227246673,0.7329997193189774,0.6758507774947852,0.0773789823999188
full_stack,clean_trained,STARS23,5,1.5733077367214618,0.38028854974767856,0.7286215201293932,0.17824944425955208
iwaenc_repro,clean_trained,STARS23,5,3.0696240103285466,0.7873043296723389,1.429184506927159,0.3650813085086255
full_stack,noise_trained,STARS23,5,1.5055859638969238,0.3764651800710816,0.6900652565981071,0.17286861014098473
iwaenc_repro,noise_trained,STARS23,5,2.786662861999798,0.4657985361312249,1.2928205514790807,0.2170627937375247
full_stack,clean_trained,VoiceHome2,5,1.9142150833182139,0.5592764809729115,1.0654834323741418,0.3031180230258673
iwaenc_repro,clean_trained,VoiceHome2,5,2.3837637148491324,0.7280407995617395,1.3328216072268655,0.38966456693597784
full_stack,noise_trained,VoiceHome2,5,1.7947709260738058,0.16474967360499446,0.9810411708408452,0.08255174129555647
iwaenc_repro,noise_trained,VoiceHome2,5,2.040382497114678,0.1820300381552001,1.1281898220690432,0.11601297978438885
