variant,train_folds,val_folds,test_folds,train_gain_db,test_gain_db,gain_mismatch,gain_mismatch_db,test_csv,mae,rmse,rel_mae,n
full,"2,3,4",0,1,0.0,0.0,False,0.0,runs/variant=full_test=1_val=0_tgain=0.0_egain=0.0/test_results.csv,1.2622597093582153,1.6022792889400532,0.3242537003363029,500
direct,"2,3,4",0,1,0.0,0.0,False,0.0,runs/variant=direct_test=1_val=0_tgain=0.0_egain=0.0/test_results.csv,1.7200343353748322,2.1788669702442496,0.5004443568157317,500
no_early,"2,3,4",0,1,0.0,0.0,False,0.0,runs/variant=no_early_test=1_val=0_tgain=0.0_egain=0.0/test_results.csv,1.8654788187742233,2.340541918940672,0.526504592056012,500
no_late,"2,3,4",0,1,0.0,0.0,False,0.0,runs/variant=no_late_test=1_val=0_tgain=0.0_egain=0.0/test_results.csv,1.3337980353832244,1.6930482293775309,0.3386517936651361,500
full,"0,3,4",1,2,0.0,0.0,False,0.0,runs/variant=full_test=2_val=1_tgain=0.0_egain=0.0/test_results.csv,1.1339128935337066,1.4748895490092375,0.24561719424290737,500
direct,"0,3,4",1,2,0.0,0.0,False,0.0,runs/variant=direct_test=2_val=1_tgain=0.0_egain=0.0/test_results.csv,1.601759488105774,2.0189503070880948,0.38363728879074893,500
no_early,"0,3,4",1,2,0.0,0.0,False,0.0,runs/variant=no_early_test=2_val=1_tgain=0.0_egain=0.0/test_results.csv,1.6882169867753982,2.1850589238688296,0.41994859623903563,500
no_late,"0,3,4",1,2,0.0,0.0,False,0.0,runs/variant=no_late_test=2_val=1_tgain=0.0_egain=0.0/test_results.csv,1.2619382259845733,1.6392635337111914,0.2659563135297211,500
full,"0,1,4",2,3,0.0,0.0,False,0.0,runs/variant=full_test=3_val=2_tgain=0.0_egain=0.0/test_results.csv,1.3526839389801026,1.7268467821584845,0.29316958735918874,500
direct,"0,1,4",2,3,0.0,0.0,False,0.0,runs/variant=direct_test=3_val=2_tgain=0.0_egain=0.0/test_results.csv,1.5076964204311372,1.926362928139028,0.3585096526899887,500
no_early,"0,1,4",2,3,0.0,0.0,False,0.0,runs/variant=no_early_test=3_val=2_tgain=0.0_egain=0.0/test_results.csv,1.648581681728363,2.0960610329961575,0.40416852776634027,500
no_late,"0,1,4",2,3,0.0,0.0,False,0.0,runs/variant=no_late_test=3_val=2_tgain=0.0_egain=0.0/test_results.csv,1.4124318971633911,1.7941145888483814,0.30532004308008764,500
full,"0,1,2",3,4,0.0,0.0,False,0.0,runs/variant=full_test=4_val=3_tgain=0.0_egain=0.0/test_results.csv,1.342219092130661,1.7322324173961832,0.33369574932306084,500
direct,"0,1,2",3,4,0.0,0.0,False,0.0,runs/variant=direct_test=4_val=3_tgain=0.0_egain=0.0/test_results.csv,1.6977487416267396,2.186349630210092,0.46921668335068084,500
no_early,"0,1,2",3,4,0.0,0.0,False,0.0,runs/variant=no_early_test=4_val=3_tgain=0.0_egain=0.0/test_results.csv,1.8998703248500823,2.3558535416944646,0.4612290748175093,500
no_late,"0,1,2",3,4,0.0,0.0,False,0.0,runs/variant=no_late_test=4_val=3_tgain=0.0_egain=0.0/test_results.csv,1.4656146442890168,1.824276651801769,0.3479814612587387,500
full,"1,2,3",4,0,0.0,0.0,False,0.0,runs/variant=full_test=0_val=4_tgain=0.0_egain=0.0/test_results.csv,1.3672018074989318,1.7605343514664782,0.2705803983119371,500
direct,"1,2,3",4,0,0.0,0.0,False,0.0,runs/variant=direct_test=0_val=4_tgain=0.0_egain=0.0/test_results.csv,1.6054885988235474,2.0636644523471195,0.35087849477310024,500
no_early,"1,2,3",4,0,0.0,0.0,False,0.0,runs/variant=no_early_test=0_val=4_tgain=0.0_egain=0.0/test_results.csv,1.871491504430771,2.3363831483028616,0.4352567095471377,500
no_late,"1,2,3",4,0,0.0,0.0,False,0.0,runs/variant=no_late_test=0_val=4_tgain=0.0_egain=0.0/test_results.csv,1.4697035293579102,1.8423676648452922,0.31603344444869313,500
